#,Name,Team,G,AB,PA,H,1B,2B,3B,HR,R,RBI,BB,IBB,SO,HBP,SF,SH,SB,CS,AVG
1,Aaron Judge,NYY,101,349,435,102,51,17,1,33,76,80,79,9,108,4,3,0,7,2,0.293
2,Bobby Witt Jr.,KCR,103,401,444,117,70,25,4,18,66,61,35,4,76,4,4,1,23,6,0.292
3,Juan Soto,NYM,102,352,440,97,55,16,1,25,70,64,82,6,78,2,3,1,13,3,0.276
4,Gunnar Henderson,BAL,101,385,436,102,60,21,3,18,64,55,44,2,97,4,3,0,16,3,0.265
5,Julio Rodríguez,SEA,103,403,445,110,70,19,2,19,63,61,33,3,97,6,2,0,18,4,0.272
6,Shohei Ohtani,LAD,102,369,440,102,53,18,3,29,79,70,64,8,106,4,2,1,15,4,0.277
7,Fernando Tatis Jr.,SDP,104,391,448,105,66,19,2,18,66,54,49,3,91,4,3,1,19,4,0.268
8,José Ramírez,CLE,101,384,436,103,61,22,2,19,62,59,46,9,51,3,3,0,24,6,0.269
9,Elly De La Cruz,CIN,103,394,444,103,62,20,3,18,66,58,44,3,119,2,2,1,27,7,0.261
10,Yordan Alvarez,HOU,90,332,391,99,56,20,1,23,57,63,50,7,63,5,4,0,2,1,0.298
11,Corbin Carroll,ARI,98,368,425,94,51,19,7,17,68,54,47,1,92,5,3,1,21,4,0.256
12,William Contreras,MIL,101,353,405,96,64,18,1,12,52,53,47,3,72,2,3,0,3,1,0.271
13,Kyle Tucker,LAD,99,362,426,95,56,19,1,19,64,59,58,3,67,2,3,1,15,3,0.263
14,Junior Caminero,TBR,105,412,452,110,65,18,1,26,60,73,34,2,87,3,3,0,4,1,0.268
15,Trea Turner,PHI,99,390,426,109,75,20,2,12,60,47,29,0,78,3,2,1,17,3,0.279
16,Ronald Acuña Jr.,ATL,96,348,413,96,61,17,2,17,66,48,57,3,87,5,2,1,17,5,0.276
17,Ketel Marte,ARI,94,356,407,97,58,19,2,18,58,56,44,3,67,4,3,0,3,1,0.272
18,Mookie Betts,LAD,95,360,412,96,61,19,2,14,60,54,46,1,48,3,3,1,6,2,0.267
19,Kevin McGonigle,DET,101,383,436,100,63,22,4,11,58,49,46,0,64,2,3,1,9,2,0.261
20,Geraldo Perdomo,ARI,102,370,439,97,67,18,3,8,59,43,55,1,57,5,4,6,15,4,0.262
21,Pete Crow-Armstrong,CHC,99,387,426,95,57,19,4,16,59,54,25,1,104,6,3,5,23,5,0.247
22,Zach Neto,LAA,100,382,431,94,55,20,1,17,58,50,34,2,110,11,2,2,18,6,0.246
23,Vladimir Guerrero Jr.,TOR,102,382,440,113,74,21,0,17,62,61,51,6,59,4,3,0,3,1,0.295
24,Shea Langeliers,ATH,90,327,360,86,47,17,1,21,50,54,28,1,80,3,3,1,3,1,0.263
25,Jackson Merrill,SDP,100,393,430,104,64,22,2,15,56,57,30,1,87,3,3,2,7,2,0.264
26,Mike Trout,LAA,91,327,395,79,44,14,1,20,56,52,60,6,112,5,3,0,4,1,0.242
27,Cal Raleigh,SEA,80,276,320,63,31,11,0,20,43,51,39,4,87,3,2,0,4,1,0.227
28,Brice Turang,MIL,101,386,438,101,69,18,2,12,58,49,46,1,91,2,3,2,20,4,0.261
29,Bryce Harper,PHI,102,378,440,104,60,23,1,19,61,62,55,5,90,3,3,0,7,2,0.274
30,Francisco Lindor,NYM,76,291,330,75,47,14,1,13,48,40,31,1,60,5,2,0,12,3,0.258
31,Nico Hoerner,CHC,102,399,440,112,84,20,2,6,55,43,30,1,40,7,3,1,19,4,0.282
32,Dansby Swanson,CHC,102,393,440,95,61,17,2,16,57,55,41,1,107,2,3,1,10,2,0.243
33,Jeremy Peña,HOU,94,369,404,100,69,19,1,11,52,43,25,1,71,7,3,2,11,3,0.271
34,Byron Buxton,MIN,85,330,367,83,43,17,2,20,56,52,29,2,98,6,3,1,10,1,0.252
35,Corey Seager,TEX,72,270,311,72,43,14,0,15,42,44,36,5,61,3,2,0,2,0,0.266
36,Alex Bregman,CHC,101,381,436,97,63,19,1,14,54,53,46,2,60,5,3,0,2,1,0.254
37,JJ Wetherholt,STL,96,363,415,92,61,18,1,12,54,44,41,1,74,8,3,1,10,2,0.253
38,Jazz Chisholm Jr.,NYY,91,348,394,83,50,13,1,18,54,51,39,1,104,3,3,1,22,5,0.237
39,Maikel Garcia,KCR,101,391,435,105,72,22,2,8,57,44,38,0,65,1,3,2,17,5,0.269
40,Matt Olson,ATL,103,383,445,97,54,21,1,21,62,66,55,3,105,3,3,0,1,0,0.254
41,Xander Bogaerts,SDP,94,365,407,97,69,17,1,10,48,44,35,1,69,3,3,1,11,3,0.266
42,Matt Chapman,SFG,99,370,426,89,53,19,2,14,55,49,49,1,102,5,3,0,6,2,0.239
43,Isaac Paredes,HOU,96,355,413,85,53,16,1,16,51,52,47,0,70,9,3,0,1,0,0.24
44,Nick Kurtz,ATH,96,366,417,96,50,19,1,26,67,67,46,4,128,2,2,0,3,1,0.261
45,Will Smith,LAD,70,238,277,62,39,12,1,11,38,38,32,1,54,4,2,0,1,1,0.262
46,CJ Abrams,WSN,98,379,422,96,60,20,2,13,56,49,30,2,80,9,3,1,20,5,0.253
47,James Wood,WSN,100,370,431,96,56,21,1,19,61,58,56,5,128,3,2,1,11,4,0.26
48,Konnor Griffin,PIT,92,360,399,94,65,17,2,10,52,46,26,1,98,8,3,2,18,5,0.262
49,Ben Rice,NYY,92,343,395,88,48,17,1,21,59,58,43,1,85,5,3,0,3,1,0.257
50,Oneil Cruz,PIT,90,345,390,84,48,16,2,17,54,51,40,3,118,3,2,0,22,4,0.243
51,Bo Bichette,NYM,104,414,449,116,82,22,1,12,55,54,29,1,75,2,3,1,4,1,0.281
52,Freddie Freeman,LAD,99,374,426,105,65,23,1,15,57,58,44,5,76,5,3,0,5,1,0.281
53,Wyatt Langford,TEX,84,315,362,79,47,16,2,14,49,44,41,2,83,3,2,0,13,3,0.25
54,Andy Pages,LAD,93,368,403,96,60,20,1,16,52,55,26,1,90,6,3,1,8,3,0.262
55,Gabriel Moreno,ARI,74,260,293,72,50,14,1,7,36,36,28,2,51,2,2,0,3,1,0.276
56,Adley Rutschman,BAL,92,329,373,85,55,17,1,12,44,46,39,1,58,2,3,0,1,0,0.257
57,Masyn Winn,STL,99,390,429,98,68,20,2,8,51,42,31,0,78,4,3,2,10,2,0.251
58,Riley Greene,DET,100,384,431,100,60,19,2,19,57,60,41,1,120,3,3,0,3,1,0.259
59,Jackson Chourio,MIL,99,393,429,107,66,23,2,16,60,58,28,2,86,3,3,1,16,4,0.272
60,Iván Herrera,STL,96,346,404,93,62,17,1,13,52,49,46,2,78,9,3,1,6,2,0.268
61,Willy Adames,SFG,101,384,435,88,52,19,1,17,55,54,45,1,112,3,3,0,7,2,0.23
62,Manny Machado,SDP,96,374,416,96,62,17,0,17,53,57,38,3,81,2,3,0,6,2,0.258
63,Cody Bellinger,NYY,94,365,408,95,60,17,2,15,54,56,37,2,60,2,4,0,8,2,0.26
64,Xavier Edwards,MIA,94,363,408,103,81,16,3,3,51,33,38,1,56,2,3,3,17,4,0.284
65,Pete Alonso,BAL,101,381,436,97,54,19,1,23,58,67,43,3,100,8,3,0,2,1,0.253
66,Michael Harris II,ATL,92,374,399,101,66,18,2,15,49,52,18,1,77,3,3,1,12,3,0.27
67,Kyle Schwarber,PHI,104,371,449,85,42,14,1,28,66,70,69,2,127,6,3,0,4,1,0.228
68,Austin Riley,ATL,98,381,422,97,59,19,1,18,55,57,34,1,109,5,3,0,2,1,0.255
69,Taylor Ward,BAL,99,369,426,92,56,19,1,16,55,53,50,0,97,4,3,0,3,1,0.25
70,Ian Happ,CHC,99,364,426,88,53,19,1,15,57,53,57,2,102,3,3,0,5,2,0.243
71,J.P. Crawford,SEA,93,346,404,84,59,16,1,8,47,38,50,1,76,3,2,2,4,1,0.243
72,Kazuma Okamoto,TOR,89,341,386,82,48,16,0,18,47,54,37,2,79,5,2,0,1,0,0.241
73,Dillon Dingler,DET,78,281,307,70,45,15,1,10,34,40,20,1,73,5,2,0,1,0,0.249
74,Max Muncy,LAD,71,255,307,59,32,11,1,15,43,43,46,2,75,4,2,0,2,0,0.23
75,Seiya Suzuki,CHC,92,349,399,91,55,17,2,18,53,57,44,2,98,3,3,0,5,2,0.261
76,Sal Stewart,CIN,94,365,407,97,59,20,0,18,54,59,36,1,79,3,2,0,8,2,0.266
77,Trent Grisham,NYY,84,306,362,68,38,12,1,16,50,45,49,0,85,3,2,1,4,1,0.222
78,Otto Lopez,MIA,94,375,408,102,72,18,2,9,49,46,27,1,64,3,3,1,12,4,0.272
79,Randy Arozarena,SEA,102,379,440,91,57,18,1,15,59,49,45,1,112,13,3,0,17,5,0.24
80,Luke Keaschall,MIN,84,320,363,84,58,18,1,7,45,38,33,1,61,7,3,0,17,4,0.262
81,Bryson Stott,PHI,92,357,398,91,63,16,2,9,47,42,35,1,66,2,3,1,17,3,0.253
82,Brent Rooker,ATH,95,365,412,96,54,19,1,21,56,62,40,2,105,4,3,0,5,1,0.262
83,Brandon Nimmo,TEX,94,359,408,92,60,17,2,14,53,47,39,1,87,6,3,1,6,1,0.257
84,Miguel Vargas,CHW,95,358,412,84,49,20,1,14,52,48,46,1,78,4,3,0,6,2,0.235
85,Brandon Lowe,PIT,83,319,358,78,46,16,1,16,47,50,33,1,89,3,2,0,2,1,0.245
86,Marcus Semien,NYM,96,373,417,88,59,16,1,12,50,47,37,0,71,3,3,1,7,2,0.237
87,J.T. Realmuto,PHI,80,285,314,72,48,14,1,9,36,35,22,1,74,5,2,0,4,1,0.253
88,Michael Busch,CHC,91,345,395,86,48,17,2,18,52,53,41,1,96,5,3,0,2,0,0.249
89,Roman Anthony,BOS,85,313,365,82,52,18,2,10,50,40,46,1,92,3,2,0,6,2,0.262
90,José Caballero,NYY,69,257,298,60,41,12,1,6,38,26,31,0,72,6,2,2,32,7,0.232
91,Tyler Soderstrom,ATH,92,356,398,91,54,20,1,16,50,54,36,2,91,4,3,0,4,1,0.256
92,George Springer,TOR,93,354,404,91,57,16,1,17,57,50,42,1,78,4,3,1,9,2,0.256
93,Drake Baldwin,ATL,77,280,314,74,48,13,1,13,40,46,29,1,56,3,2,0,1,0,0.266
94,Colson Montgomery,CHW,94,362,408,80,47,14,1,18,46,54,36,2,118,7,2,0,2,1,0.221
95,Munetaka Murakami,CHW,94,344,408,77,42,11,0,23,55,60,57,4,130,4,2,1,5,2,0.224
96,Austin Wells,NYY,75,263,298,59,34,12,1,12,33,39,29,1,71,3,3,0,2,1,0.222
97,Yandy Díaz,TBR,101,388,438,111,78,19,1,13,52,54,42,2,64,5,3,1,1,1,0.287
98,Ozzie Albies,ATL,97,378,417,97,64,19,1,13,52,52,32,1,60,4,4,0,7,2,0.257
99,Wilyer Abreu,BOS,80,306,347,77,45,17,1,15,44,48,36,2,82,1,2,0,5,2,0.252
100,Alejandro Kirk,TOR,61,214,242,57,39,10,0,7,26,31,24,1,30,2,2,0,1,0,0.265
101,Andrés Giménez,TOR,91,359,395,89,63,16,2,8,44,40,21,1,67,10,3,2,14,3,0.247
102,Josh Jung,TEX,89,356,385,92,60,18,1,12,43,48,23,0,90,3,2,0,3,1,0.259
103,Willson Contreras,BOS,95,355,411,90,55,18,1,17,52,55,40,1,105,12,3,1,3,1,0.252
104,Steven Kwan,CLE,92,351,395,94,71,16,2,5,48,33,37,1,37,3,3,2,10,3,0.267
105,Jarren Duran,BOS,93,362,402,93,55,23,4,11,54,46,32,1,95,5,2,1,16,3,0.257
106,Gleyber Torres,DET,84,313,363,80,57,14,0,9,45,38,44,0,61,2,3,1,3,1,0.256
107,Carson Kelly,CHC,63,220,250,54,36,9,1,8,29,30,25,0,49,3,2,0,1,0,0.244
108,Daulton Varsho,TOR,88,344,381,78,43,16,2,17,49,50,31,1,94,3,3,1,6,2,0.226
109,Rafael Devers,SFG,101,375,435,93,55,19,1,18,55,59,53,6,109,3,3,0,1,1,0.247
110,Josh Naylor,SEA,93,363,404,94,62,18,0,14,48,56,34,3,60,3,3,0,12,3,0.259
111,Evan Carter,TEX,71,267,307,62,39,12,2,8,38,31,32,1,69,5,2,1,12,3,0.232
112,Ceddanne Rafaela,BOS,88,352,379,89,57,18,3,10,46,42,18,0,82,5,2,2,12,4,0.252
113,Kyle Stowers,MIA,85,323,368,79,46,16,1,15,44,52,37,1,102,5,2,0,3,1,0.243
114,Jacob Wilson,ATH,67,267,289,78,58,15,1,5,35,32,15,0,26,3,2,1,3,1,0.293
115,Luis Arraez,SFG,94,377,408,113,89,19,2,3,45,37,22,1,17,2,3,4,6,2,0.299
116,Chase DeLauter,CLE,79,303,342,78,49,17,1,11,41,41,34,0,56,1,2,1,2,1,0.256
117,Jakob Marsee,MIA,80,297,345,69,46,13,3,7,43,33,39,0,77,4,2,2,20,5,0.232
118,Brandon Marsh,PHI,78,302,339,79,52,16,2,9,42,38,32,1,91,2,3,1,8,2,0.262
119,Christian Walker,HOU,100,384,431,92,53,17,1,20,54,62,37,2,105,6,3,0,2,1,0.239
120,Colt Emerson,SEA,82,316,354,73,49,16,1,7,39,35,30,2,83,5,2,1,8,2,0.231
121,Salvador Perez,KCR,96,366,396,91,56,17,0,17,42,59,20,3,80,7,3,0,0,0,0.248
122,Ezequiel Tovar,COL,94,379,408,97,61,22,2,12,48,45,21,0,102,3,3,4,6,2,0.257
123,Jackson Holliday,BAL,72,277,313,69,46,14,1,8,41,30,31,1,69,3,2,1,8,3,0.248
124,Jonathan Aranda,TBR,95,357,410,92,59,17,0,15,50,54,43,2,102,6,3,0,1,0,0.256
125,Christian Yelich,MIL,87,329,377,86,58,14,1,12,50,49,43,4,90,3,2,0,11,3,0.261
126,Nolan Arenado,ARI,91,359,393,91,62,17,1,12,44,50,27,2,57,3,3,0,2,1,0.253
127,Jose Altuve,HOU,72,277,310,72,48,14,1,10,40,34,28,1,54,3,2,1,6,2,0.261
128,Alec Burleson,STL,97,380,420,103,68,19,1,15,49,56,33,1,60,3,3,1,4,1,0.27
129,Ryan Waldschmidt,ARI,68,258,296,62,43,12,2,5,35,29,30,1,67,4,3,0,9,2,0.241
130,Hunter Goodman,COL,93,346,377,86,46,19,2,19,49,57,24,1,104,4,3,0,2,1,0.249
131,Ramón Laureano,SDP,81,316,351,77,47,15,2,13,45,44,26,0,95,6,2,0,6,2,0.244
132,Cole Young,SEA,84,320,363,75,51,15,2,7,40,37,34,0,68,5,2,2,5,2,0.235
133,Bryan Reynolds,PIT,96,363,413,92,60,18,3,12,50,49,42,2,100,5,3,0,3,1,0.254
134,Ha-Seong Kim,ATL,74,276,318,67,47,12,1,7,38,31,35,1,57,3,3,2,12,3,0.243
135,Carter Jensen,KCR,74,269,303,65,40,13,2,10,36,38,30,1,77,1,2,1,3,1,0.243
136,Jesus Rodriguez,SFG,43,158,174,42,32,7,1,2,20,17,14,1,26,1,1,0,4,1,0.267
137,Ernie Clement,TOR,91,369,395,98,69,20,1,7,43,39,17,1,39,2,3,4,5,2,0.265
138,Matt McLain,CIN,88,333,379,77,49,15,1,11,46,39,38,0,104,5,2,2,12,3,0.232
139,Spencer Torkelson,DET,96,359,413,83,46,18,1,18,51,53,46,2,109,5,3,0,1,1,0.231
140,Sal Frelick,MIL,85,328,367,85,63,14,2,5,45,35,32,1,50,3,3,1,12,3,0.259
141,Jeff McNeil,ATH,78,301,339,79,54,17,1,7,38,35,28,1,42,6,3,2,3,1,0.261
142,Sam Antonacci,CHW,76,283,330,72,52,13,3,4,40,31,32,1,56,10,2,3,13,3,0.255
143,Lawrence Butler,ATH,70,272,302,65,40,14,1,11,39,35,27,0,78,1,2,1,10,3,0.239
144,Alec Bohm,PHI,85,334,366,88,62,16,1,8,40,44,25,1,58,4,3,0,2,1,0.264
145,Nick Gonzales,PIT,82,324,354,86,59,19,2,6,40,37,22,0,70,4,2,1,2,1,0.264
146,Brendan Donovan,SEA,52,199,227,54,37,11,0,5,27,24,21,1,32,4,2,1,2,1,0.269
147,Tyler O'Neill,BAL,75,281,322,66,39,11,1,15,41,41,34,2,87,4,2,0,4,1,0.234
148,Garrett Mitchell,MIL,74,278,320,62,40,12,2,8,39,31,35,1,100,3,2,2,12,3,0.223
149,Chase Meidroth,CHW,84,315,362,79,61,13,1,4,42,27,38,0,59,5,2,2,8,2,0.251
150,Tyler Stephenson,CIN,71,247,281,58,36,11,1,10,31,34,29,1,80,3,2,0,1,0,0.233
151,Vinnie Pasquantino,KCR,99,380,426,96,58,20,1,17,50,61,38,2,65,4,4,0,1,0,0.253
152,Justin Crawford,PHI,85,332,366,90,67,16,2,4,45,31,27,0,75,2,2,3,18,5,0.27
153,Joey Ortiz,MIL,86,336,372,80,56,16,2,7,42,37,27,0,66,3,3,3,10,3,0.238
154,Brayan Rocchio,CLE,86,333,373,79,54,17,1,6,40,37,29,0,67,5,3,3,9,3,0.236
155,Caleb Durbin,BOS,74,283,319,70,48,16,1,5,37,32,22,0,35,9,2,2,12,3,0.248
156,Luis Robert Jr.,NYM,52,202,224,48,31,9,0,8,28,26,19,1,60,2,1,0,11,3,0.237
157,Victor Caratini,MIN,77,273,308,68,49,11,0,8,31,35,24,0,55,7,3,0,1,0,0.249
158,Chandler Simpson,TBR,84,336,363,96,81,11,3,1,45,25,20,0,39,1,2,4,33,7,0.284
159,Ryan McMahon,NYY,64,240,275,52,33,10,0,10,31,30,31,1,86,2,2,0,2,1,0.219
160,Austin Martin,MIN,63,233,272,60,44,12,1,3,32,21,32,0,47,4,2,2,12,3,0.257
161,Samuel Basallo,BAL,77,288,319,70,43,14,1,13,38,43,26,2,78,3,2,0,2,1,0.242
162,Colt Keith,DET,70,273,304,71,47,14,1,9,39,34,26,1,63,2,2,0,2,1,0.261
163,Joe Mack,MIA,63,224,249,49,32,9,1,7,27,28,20,0,69,2,2,1,2,1,0.22
164,Francisco Alvarez,NYM,52,183,207,43,26,7,1,9,25,27,19,0,52,3,1,0,1,0,0.234
165,JJ Bleday,CIN,73,276,314,65,36,14,1,14,40,39,35,1,73,1,2,0,2,1,0.235
166,Royce Lewis,MIN,71,280,309,67,41,14,0,12,35,40,24,1,68,2,2,0,7,2,0.239
167,Teoscar Hernández,LAD,74,293,321,75,46,15,1,14,41,48,22,1,85,3,2,0,3,1,0.257
168,Jake Meyers,HOU,62,241,270,59,41,11,1,5,31,25,22,0,56,3,2,1,8,2,0.243
169,Dalton Rushing,LAD,40,141,160,33,20,6,0,6,21,22,15,0,46,3,1,0,1,0,0.231
170,Colton Cowser,BAL,57,216,245,49,29,10,1,9,30,29,24,1,76,3,2,0,6,1,0.227
171,Jake Cronenworth,SDP,72,266,310,61,40,13,1,7,35,31,35,1,62,6,2,1,2,1,0.23
172,Eugenio Suárez,CIN,89,341,384,79,44,14,0,21,48,59,33,0,112,7,3,0,2,1,0.233
173,Anthony Volpe,NYY,49,191,211,44,27,10,1,7,26,23,16,0,50,2,1,1,7,2,0.233
174,Carlos Narváez,BOS,60,212,237,48,31,10,0,7,25,25,21,0,63,2,2,1,2,1,0.229
175,Harrison Bader,SFG,82,321,353,76,52,14,1,9,41,37,23,0,85,5,2,1,9,3,0.238
176,Yainer Diaz,HOU,47,175,186,46,31,8,1,7,20,24,8,0,32,1,2,0,0,0,0.265
177,Luis Torrens,NYM,51,184,201,43,30,9,1,4,20,21,13,0,45,2,1,1,1,0,0.234
178,Casey Schmitt,SFG,86,337,371,82,52,16,1,13,41,44,25,1,83,5,3,1,2,1,0.244
179,A.J. Ewing,NYM,57,219,247,52,35,10,1,7,29,27,23,1,55,3,2,1,5,1,0.24
180,Daylen Lile,WSN,90,355,390,94,62,20,5,8,47,42,28,1,69,4,3,1,9,3,0.265
181,Travis Bazzana,CLE,80,299,346,66,43,14,2,7,42,32,40,1,92,4,2,1,8,2,0.221
182,Jordan Walker,STL,92,359,397,88,55,18,1,14,47,48,31,1,108,4,2,0,8,2,0.245
183,Carson Benge,NYM,73,282,316,67,44,13,1,9,38,34,29,1,69,3,2,1,8,2,0.239
184,Luis Campusano,SDP,45,159,178,38,25,7,0,5,20,21,16,0,41,1,1,0,1,0,0.237
185,Zack Gelof,ATH,69,267,298,61,37,13,0,10,37,33,25,0,95,2,2,2,9,2,0.227
186,Spencer Horwitz,PIT,81,303,349,78,51,18,1,8,42,39,40,1,62,4,3,0,1,1,0.257
187,Kyle Manzardo,CLE,78,298,337,70,39,14,1,15,38,44,32,1,83,4,3,0,1,0,0.234
188,Danny Jansen,TEX,56,193,222,40,24,8,1,8,24,25,24,0,53,3,1,1,1,0,0.21
189,Tommy Edman,LAD,61,242,266,59,39,12,1,7,33,30,18,0,47,3,2,1,5,1,0.242
190,Marcelo Mayer,BOS,73,287,314,70,44,17,1,7,35,34,23,1,73,2,2,0,4,2,0.244
191,Adolis García,PHI,94,371,408,87,52,17,1,17,48,56,29,1,105,4,3,0,7,2,0.235
192,Ryan O'Hearn,PIT,63,241,272,65,45,12,1,8,33,34,27,2,51,3,2,0,2,1,0.27
193,Brooks Lee,MIN,89,354,386,86,59,16,1,10,41,45,25,1,68,2,3,1,4,1,0.243
194,Dylan Crews,WSN,80,311,345,73,48,13,2,10,40,36,26,1,79,5,2,1,14,4,0.234
195,Pedro Pagés,STL,58,211,230,48,32,8,1,6,22,25,15,1,60,2,2,1,1,0,0.226
196,Logan O'Hoppe,LAA,65,234,259,53,35,8,1,10,27,29,19,0,72,3,2,1,1,1,0.228
197,Jake Burger,TEX,95,382,412,91,54,17,1,19,48,58,22,1,104,6,3,0,1,1,0.239
198,Victor Scott II,STL,83,318,359,69,50,12,2,5,40,27,28,0,83,6,3,5,23,4,0.217
199,Cedric Mullins,TBR,77,298,334,65,40,13,2,10,38,36,30,0,75,3,2,2,15,4,0.218
200,Trevor Story,BOS,51,205,222,50,32,10,1,7,26,27,13,1,61,2,1,0,8,2,0.243
201,Luke Raley,SEA,65,248,281,56,34,11,1,11,34,34,21,0,86,9,2,2,4,1,0.225
202,Brenton Doyle,COL,59,232,254,57,37,11,1,8,31,28,17,0,69,1,2,1,10,2,0.244
203,Jo Adell,LAA,88,348,381,83,49,14,1,18,45,54,24,1,100,6,2,0,5,2,0.237
204,Jesús Sánchez,TOR,63,246,272,61,38,12,1,9,33,33,22,1,62,2,2,0,6,1,0.247
205,Kyle Teel,CHW,42,149,171,37,25,7,0,5,20,18,19,0,44,2,1,0,2,1,0.248
206,TJ Friedl,CIN,60,224,259,53,37,9,1,6,30,24,26,0,45,5,2,2,5,1,0.237
207,Liam Hicks,MIA,80,289,334,73,53,13,1,7,36,39,34,1,49,7,3,1,2,0,0.253
208,David Hamilton,MIL,52,202,226,43,29,8,1,5,28,20,20,0,55,1,1,2,18,4,0.212
209,Lars Nootbaar,STL,57,213,247,52,33,10,1,7,30,26,31,1,49,2,2,1,3,1,0.245
210,Jac Caglianone,KCR,81,313,348,76,47,14,1,14,42,44,28,1,82,5,2,0,3,1,0.243
211,Spencer Steer,CIN,77,294,333,70,42,15,1,12,39,41,32,0,73,4,2,0,5,1,0.238
212,Edmundo Sosa,PHI,59,237,256,59,39,11,1,8,30,30,11,0,57,5,1,2,3,1,0.25
213,Jung Hoo Lee,SFG,75,295,325,78,54,17,3,4,37,31,25,1,37,2,2,0,4,1,0.265
214,Kerry Carpenter,DET,64,251,277,62,36,10,2,13,35,40,19,1,69,4,2,0,1,1,0.246
215,Lane Thomas,KCR,65,248,279,58,36,12,1,8,34,30,26,0,70,3,2,0,9,3,0.234
216,Isaac Collins,KCR,71,264,307,62,40,14,2,6,37,31,36,1,71,4,2,1,9,3,0.235
217,Brett Baty,NYM,54,210,234,50,33,8,1,8,27,27,20,0,59,2,2,0,3,1,0.24
218,Cam Smith,HOU,74,284,319,68,45,14,1,8,37,34,28,1,85,4,2,0,6,1,0.239
219,Josh Smith,TEX,53,199,229,47,33,10,1,4,26,20,23,1,43,4,1,1,4,1,0.238
220,Sean Murphy,ATL,41,143,165,31,19,6,0,6,19,20,16,0,45,4,1,0,0,0,0.219
221,Ryan Jeffers,MIN,36,126,145,31,20,6,0,5,17,18,15,0,30,3,1,0,1,0,0.249
222,Braden Shewmake,HOU,33,134,144,28,20,6,0,2,16,13,9,0,30,1,1,0,4,1,0.211
223,Vaughn Grissom,LAA,67,262,290,65,46,13,0,6,32,28,22,0,56,4,2,0,4,1,0.247
224,Freddy Fermin,SDP,48,172,190,40,29,7,0,4,20,18,13,0,38,2,1,2,1,1,0.234
225,Coby Mayo,BAL,48,187,209,42,25,9,1,8,25,25,18,0,59,2,1,0,2,1,0.227
226,Luis García Jr.,WSN,72,292,313,78,52,15,1,9,37,39,17,1,49,1,2,0,8,3,0.265
227,Jared Triolo,PIT,54,203,231,49,34,10,1,4,26,21,23,0,52,2,2,1,6,1,0.243
228,Nasim Nuñez,WSN,57,215,245,49,39,7,1,3,28,19,24,0,54,1,2,4,18,4,0.229
229,Patrick Bailey,CLE,54,193,214,42,30,8,1,4,21,21,17,0,55,1,2,1,1,0,0.218
230,Jacob Young,WSN,69,269,299,66,51,12,1,2,32,23,19,0,56,4,2,5,13,4,0.245
231,Josh Bell,MIN,91,347,395,85,56,15,1,14,46,48,42,1,73,3,3,0,1,1,0.246
232,Lourdes Gurriel Jr.,ARI,79,314,342,83,55,16,1,10,38,44,21,0,54,3,3,0,5,2,0.263
233,Daniel Susac,SFG,47,170,184,40,28,7,1,4,17,19,10,0,51,2,2,0,2,1,0.237
234,Ezequiel Duran,TEX,75,300,325,72,49,16,1,6,36,31,19,0,75,3,2,1,10,3,0.241
235,Nolan Gorman,STL,85,327,369,70,41,13,1,15,42,48,37,1,117,1,3,0,2,1,0.215
236,Kyle Karros,COL,61,233,263,59,41,13,1,4,31,25,25,1,61,2,2,0,3,1,0.255
237,Kyle Isbel,KCR,75,293,325,70,48,14,3,6,38,30,21,0,65,3,2,6,7,2,0.238
238,Zach McKinstry,DET,65,252,281,58,39,11,3,5,33,26,24,0,61,3,2,1,9,2,0.231
239,Matt Wallner,MIN,44,164,191,37,19,8,1,9,24,24,20,0,59,5,1,0,2,1,0.223
240,Kody Clemens,MIN,57,221,245,50,28,10,2,11,29,30,19,0,60,3,1,1,4,1,0.228
241,Carson Williams,TBR,63,246,273,51,32,10,2,8,32,30,22,0,93,2,2,1,7,2,0.209
242,Trevor Larnach,MIN,63,238,272,59,39,12,1,8,33,31,30,1,62,2,2,0,2,1,0.248
243,Nolan Schanuel,LAA,77,287,331,75,54,13,1,6,38,33,35,1,47,5,2,1,3,1,0.26
244,Mickey Moniak,COL,63,253,272,66,38,13,3,13,37,40,15,0,67,2,2,0,5,2,0.262
245,Jake McCarthy,COL,71,277,309,72,51,12,4,5,37,28,21,0,53,5,2,3,14,3,0.26
246,Jorge Polanco,NYM,60,232,261,57,35,11,0,11,31,34,25,1,53,2,2,1,3,1,0.245
247,Amed Rosario,NYY,43,176,188,46,33,8,1,4,22,21,9,0,34,2,1,0,3,1,0.264
248,Michael Massey,KCR,77,311,334,75,49,16,1,9,34,37,16,0,63,3,3,1,3,1,0.24
249,Heliot Ramos,SFG,64,248,275,63,42,12,1,9,32,32,20,1,67,4,2,0,2,1,0.255
250,Dominic Canzone,SEA,60,235,259,58,36,11,0,10,31,33,20,1,60,2,2,0,3,1,0.245
251,Carlos Cortes,ATH,60,236,261,59,37,13,1,8,31,33,21,0,52,1,2,0,1,0,0.248
252,Jordan Lawlar,ARI,49,191,213,46,29,10,1,5,26,22,17,0,57,3,2,1,7,2,0.241
253,Luis Rengifo,MIL,66,263,287,65,47,11,1,5,31,28,19,0,50,3,2,1,7,3,0.246
254,Willi Castro,COL,84,322,363,81,54,16,2,8,45,36,29,1,86,8,2,1,10,3,0.251
255,Jasson Domínguez,NYY,36,139,156,35,23,6,1,5,21,18,15,1,38,1,1,0,7,1,0.249
256,Ben Williamson,TBR,53,210,231,52,38,11,1,2,25,21,16,0,48,2,1,1,5,1,0.249
257,Nathan Lukes,TOR,49,191,213,49,35,10,1,4,25,23,17,1,34,2,2,2,2,1,0.258
258,Romy Gonzalez,BOS,39,153,166,41,27,8,1,5,20,21,10,0,41,1,2,0,4,2,0.266
259,Javier Sanoja,MIA,48,192,209,50,34,11,2,3,22,21,13,0,24,1,1,1,5,2,0.261
260,Oswald Peraza,LAA,72,284,313,63,43,11,0,9,34,30,22,0,82,4,2,1,11,3,0.22
261,Kyle Higashioka,TEX,52,190,206,42,26,8,1,7,21,26,14,0,51,1,1,1,2,1,0.221
262,Marcell Ozuna,PIT,74,275,318,66,41,12,0,13,37,41,38,1,77,2,2,0,0,0,0.241
263,Dylan Beavers,BAL,43,163,186,39,25,8,1,5,23,19,20,0,45,1,1,1,5,2,0.239
264,Joc Pederson,TEX,64,235,275,54,33,9,1,11,33,33,32,1,62,5,2,0,2,1,0.228
265,Jorge Soler,LAA,85,321,367,72,42,14,0,16,44,48,39,0,102,4,3,0,0,0,0.225
266,Miguel Amaya,CHC,44,156,176,36,24,7,1,5,19,21,13,0,37,4,1,2,1,0,0.23
267,Mark Vientos,NYM,67,263,289,63,39,12,1,12,33,39,21,0,75,2,2,0,1,0,0.241
268,Matt Vierling,DET,51,201,222,49,33,10,1,5,26,23,17,0,50,2,2,0,3,1,0.245
269,Leody Taveras,BAL,39,152,168,36,24,7,1,4,20,18,13,0,36,0,1,1,6,2,0.237
270,Edouard Julien,COL,66,245,286,60,41,11,1,7,33,27,36,1,81,2,2,1,4,2,0.246
271,Henry Davis,PIT,42,147,166,32,21,7,0,5,18,17,13,0,42,3,1,1,2,1,0.219
272,Max Muncy,ATH,43,171,188,40,26,9,1,6,21,21,12,0,54,3,1,1,2,1,0.237
273,Moisés Ballesteros,CHC,41,158,175,42,28,8,0,6,21,22,15,1,32,1,1,0,1,0,0.268
274,Addison Barger,TOR,46,180,200,43,25,10,0,7,24,25,17,1,48,2,1,0,2,0,0.237
275,Daniel Schneemann,CLE,49,188,211,42,27,9,1,6,24,22,20,0,58,1,1,1,4,1,0.223
276,Taylor Trammell,HOU,47,176,202,37,21,8,1,6,24,22,23,0,61,2,2,0,5,1,0.211
277,Will Benson,CIN,46,175,199,38,21,8,1,8,25,24,21,1,60,1,1,0,5,2,0.22
278,Christian Vázquez,HOU,48,172,189,39,28,7,0,4,18,18,13,0,37,1,1,2,1,1,0.224
279,Victor Robles,SEA,36,137,154,33,23,7,1,3,18,13,10,0,34,4,1,2,8,2,0.243
280,Luisangel Acuña,CHW,57,228,247,55,42,10,1,3,28,20,15,0,45,1,2,2,14,3,0.243
281,Ty France,SDP,57,221,245,56,40,10,0,6,27,26,15,0,43,8,2,0,1,0,0.252
282,Giancarlo Stanton,NYY,51,197,220,45,25,7,0,13,26,36,20,1,68,1,1,0,1,0,0.231
283,Mike Yastrzemski,ATL,65,246,281,56,33,13,1,9,34,30,30,1,65,2,2,1,3,1,0.227
284,Rikuu Nishida,CHW,39,150,169,36,24,7,1,5,20,19,16,1,37,2,1,1,3,1,0.24
285,Blaze Alexander,BAL,47,181,204,41,28,8,1,5,23,19,16,0,61,4,1,2,4,2,0.228
286,Darell Hernaiz,ATH,36,140,156,35,26,7,1,2,17,14,12,0,24,1,1,2,3,1,0.251
287,Davis Schneider,TOR,25,93,109,20,11,4,0,4,13,13,14,0,31,1,1,0,1,0,0.218
288,Jake Bauers,MIL,60,225,259,50,29,10,1,10,32,33,30,2,72,2,1,0,7,2,0.22
289,Miguel Rojas,LAD,37,146,160,37,26,7,0,3,18,15,11,0,23,1,1,1,2,1,0.252
290,Nathan Church,STL,43,169,187,42,29,7,1,4,22,19,11,0,32,2,2,2,4,1,0.246
291,Joey Bart,PIT,35,121,137,28,20,5,0,3,14,15,13,0,38,3,1,0,1,0,0.235
292,Angel Martínez,CLE,78,308,337,73,48,16,1,8,38,35,20,0,71,4,2,3,7,2,0.238
293,Andrew Vaughn,MIL,75,295,325,74,48,15,1,12,34,45,23,0,63,4,3,0,0,0,0.253
294,Jeremiah Jackson,BAL,43,174,186,42,27,8,1,6,21,22,9,0,44,1,1,0,3,1,0.243
295,Connor Wong,BOS,42,149,165,35,24,8,0,3,17,16,12,0,39,2,1,1,2,1,0.236
296,Ramón Urías,STL,38,147,163,35,24,7,0,4,18,18,12,0,35,2,1,0,1,0,0.241
297,Curtis Mead,WSN,57,221,245,54,35,12,1,6,27,26,17,0,51,5,1,0,4,1,0.243
298,Kevin Alcántara,CHC,13,50,54,11,7,3,0,2,6,6,4,0,16,0,0,0,1,0,0.225
299,Connor Norby,MIA,72,284,313,68,44,15,1,9,36,35,23,0,85,4,2,0,6,2,0.241
300,Gary Sánchez,MIL,29,105,120,23,14,4,0,5,14,18,12,0,31,2,1,0,0,0,0.219
301,Tyler Freeman,COL,63,240,272,66,49,12,1,4,34,25,20,0,36,8,2,2,10,3,0.273
302,Gabriel Arias,CLE,37,148,162,34,22,7,1,4,17,17,10,0,50,2,1,0,3,1,0.227
303,Wenceel Pérez,DET,57,221,245,52,33,10,2,7,30,26,20,0,51,2,2,1,6,2,0.235
304,Gavin Lux,TBR,41,158,179,38,27,8,1,2,20,17,19,0,40,1,1,0,1,0,0.242
305,Paul Goldschmidt,NYY,54,211,234,53,34,11,0,7,29,27,20,1,51,1,1,0,2,1,0.25
306,Edgar Quero,CHW,47,168,189,41,31,7,0,3,18,19,17,0,36,2,1,0,1,0,0.244
307,Yoán Moncada,LAA,44,168,191,38,24,8,1,6,21,21,19,0,53,3,1,0,1,0,0.228
308,Dane Myers,CIN,36,142,157,34,25,6,0,4,19,16,12,0,39,2,1,0,5,1,0.242
309,Esteury Ruiz,MIA,30,117,132,27,18,5,1,3,17,13,10,0,32,3,1,1,11,3,0.233
310,Ryan Kreidler,MIN,28,106,122,21,14,5,0,2,13,11,13,0,39,2,0,1,3,1,0.2
311,Rhys Hoskins,CLE,64,239,279,53,31,11,1,10,32,35,33,1,75,4,2,0,1,1,0.22
312,Alan Roden,MIN,33,124,141,30,21,6,1,3,16,13,12,0,27,3,1,0,2,1,0.245
313,Endy Rodríguez,PIT,26,94,104,22,14,5,0,2,11,10,9,0,23,1,1,0,1,0,0.23
314,Matt Shaw,CHC,28,110,122,27,17,5,1,3,16,13,10,0,24,1,1,0,4,1,0.245
315,Gavin Sheets,SDP,79,310,342,74,46,16,1,11,36,41,27,1,70,3,2,0,2,1,0.238
316,Taylor Walls,TBR,45,170,193,35,24,7,1,3,22,17,19,0,46,1,1,2,9,2,0.208
317,Sung-Mun Song,SDP,41,160,176,38,26,7,1,3,19,17,13,1,32,1,1,0,4,1,0.235
318,Keibert Ruiz,WSN,47,174,187,42,29,8,0,4,17,21,9,0,22,2,2,0,1,0,0.241
319,Nick Fortes,TBR,56,200,220,45,32,8,0,5,20,21,12,0,38,4,2,3,1,1,0.227
320,Mitch Garver,SEA,28,97,112,20,12,4,0,4,12,12,13,0,31,1,1,0,0,0,0.205
321,Jake Mangum,PIT,46,186,200,50,39,10,1,1,21,17,10,0,34,2,1,1,9,2,0.271
322,Orlando Arcia,MIN,16,63,68,14,9,3,0,2,7,7,5,0,15,0,0,0,0,0,0.225
323,Drew Millas,WSN,41,147,162,34,25,7,1,2,15,14,12,1,29,1,1,1,3,1,0.233
324,José Fermín,STL,28,105,121,26,18,6,0,2,14,12,12,0,17,2,1,1,4,1,0.242
325,Jake Rogers,DET,25,90,100,19,11,4,0,3,11,11,8,0,28,1,1,0,1,0,0.207
326,Jimmy Crooks,STL,13,47,52,11,7,2,0,1,6,6,4,0,15,1,0,0,0,0,0.231
327,Parker Meadows,DET,34,130,145,29,19,5,2,3,17,13,13,0,37,1,1,0,4,1,0.225
328,Brandon Valenzuela,TOR,22,79,87,16,11,3,0,2,9,9,7,0,24,0,1,0,0,0,0.206
329,Nick Loftin,KCR,27,102,115,24,17,5,0,2,13,12,11,0,18,1,1,0,2,1,0.24
330,Tristan Peters,CHW,37,144,160,33,23,6,1,3,17,15,13,0,39,1,1,1,2,1,0.227
331,Jonah Heim,ATH,26,95,105,22,15,4,0,3,11,12,8,0,20,1,1,0,0,0,0.228
332,Masataka Yoshida,BOS,45,174,194,47,33,10,0,4,22,24,15,0,25,3,2,0,2,0,0.272
333,Owen Caissie,MIA,65,252,281,58,36,13,1,8,31,31,25,0,90,2,2,0,3,1,0.229
334,Alex Call,LAD,20,74,87,18,12,4,0,2,11,9,10,0,16,1,1,1,1,1,0.239
335,Richie Palacios,TBR,55,205,235,45,32,9,1,4,27,20,26,0,48,2,2,0,10,2,0.222
336,Rodolfo Durán,SDP,16,59,63,13,10,2,0,1,5,8,4,0,15,0,0,0,0,0,0.218
337,Drew Romo,CHW,39,142,155,31,21,6,0,4,15,15,9,0,48,2,1,1,1,1,0.221
338,Graham Pauley,MIA,35,135,150,30,18,7,1,4,16,16,12,0,32,1,1,1,2,1,0.22
339,Hunter Feduccia,TBR,50,174,198,37,26,8,1,3,19,18,21,0,52,1,1,0,1,0,0.213
340,Mauricio Dubón,ATL,83,332,358,84,61,17,2,5,39,36,20,0,48,2,2,2,3,1,0.253
341,Andruw Monasterio,BOS,28,108,120,26,17,5,0,3,14,12,10,0,28,1,1,0,3,1,0.239
342,Everson Pereira,CHW,46,177,197,39,24,7,1,7,24,23,16,0,61,3,2,0,4,1,0.223
343,Alex Jackson,MIN,17,61,66,12,9,2,0,2,9,9,4,0,21,1,0,0,0,0,0.202
344,Blake Dunn,CIN,25,94,106,22,17,4,0,2,12,9,9,0,31,2,0,1,3,1,0.236
345,Travis d'Arnaud,LAA,29,106,117,23,14,5,0,4,12,13,8,0,32,2,1,0,0,0,0.217
346,Josh Lowe,LAA,49,194,213,45,28,10,1,6,25,23,16,1,58,1,2,0,9,2,0.231
347,Miguel Andujar,SDP,64,259,277,69,48,12,1,7,30,32,15,1,43,2,2,0,2,1,0.266
348,Joey Loperfido,HOU,53,207,229,48,32,10,1,5,25,22,16,1,64,4,1,1,4,1,0.232
349,Jonny DeLuca,TBR,40,159,174,37,24,7,1,4,19,18,12,0,36,2,1,1,7,1,0.23
350,Nathaniel Lowe,CIN,56,210,240,52,35,9,0,8,28,30,27,0,58,1,2,0,0,0,0.248
351,Pavin Smith,ARI,45,168,194,40,25,8,1,6,23,23,24,0,49,1,1,0,1,0,0.236
352,Brady House,WSN,42,170,181,41,28,8,0,5,19,21,9,0,51,1,1,0,2,1,0.243
353,Jose Trevino,CIN,35,128,139,30,21,5,0,3,14,14,8,0,22,1,1,1,0,0,0.232
354,Kaelen Culpepper,MIN,10,41,45,10,7,2,0,1,5,4,3,0,10,1,0,0,1,0,0.242
355,Jorge Mateo,ATL,19,76,82,17,11,4,1,2,11,7,5,0,23,0,1,0,6,1,0.227
356,Tristan Gray,MIN,26,104,113,22,14,5,0,3,12,13,7,0,33,1,1,1,0,0,0.215
357,Ke'Bryan Hayes,CIN,32,127,139,30,22,5,1,3,14,13,10,0,27,1,1,0,3,1,0.237
358,J.C. Escarra,NYY,23,82,92,18,12,4,0,2,9,10,8,0,18,1,1,0,1,0,0.221
359,James Outman,MIN,40,152,172,31,18,6,1,5,21,18,16,0,59,3,1,0,4,1,0.202
360,Austin Hays,CHW,47,185,202,45,29,9,1,6,24,24,13,1,49,2,1,0,2,1,0.246
361,Max Clark,DET,19,72,82,17,12,3,1,2,10,8,8,0,16,0,1,0,2,0,0.241
362,Agustín Ramírez,MIA,29,111,122,27,17,6,0,4,15,15,9,1,24,1,1,0,3,1,0.242
363,Noelvi Marte,CIN,40,158,171,39,26,7,1,5,21,20,11,0,40,2,1,0,5,2,0.249
364,Rob Refsnyder,SEA,26,100,113,24,15,5,0,4,13,13,11,0,29,2,1,0,1,0,0.236
365,Rafael Marchán,PHI,24,86,96,19,13,4,0,2,9,9,7,0,17,2,1,0,0,0,0.217
366,Charles McAdoo,TOR,18,68,77,16,11,3,0,2,9,9,7,0,17,1,1,0,1,0,0.24
367,Leo Rivas,SEA,16,58,68,12,9,2,0,1,8,5,9,0,17,1,1,1,3,1,0.209
368,Harry Ford,WSN,16,54,62,12,8,2,0,1,7,6,6,0,16,1,1,0,1,0,0.223
369,Denzel Clarke,ATH,19,74,82,17,11,4,1,2,10,7,6,0,27,1,0,1,3,1,0.223
370,Drew Gilbert,SFG,45,173,192,39,26,8,1,4,21,20,15,0,38,3,1,0,2,1,0.226
371,Tyler Heineman,TOR,24,84,95,18,13,3,0,1,10,8,7,0,21,2,1,2,1,0,0.213
372,Jake Fraley,TBR,35,134,151,31,21,6,0,3,17,15,14,0,32,1,1,0,4,1,0.233
373,Bo Naylor,CLE,12,43,49,9,5,2,0,2,5,6,5,0,12,0,0,0,0,0,0.215
374,Tyler Callihan,PIT,14,54,59,12,9,2,0,1,6,6,4,0,15,0,0,0,2,0,0.226
375,Javier Báez,DET,33,133,141,31,21,6,0,3,15,16,5,0,33,2,1,0,2,1,0.234
376,Christopher Morel,MIA,35,133,150,29,17,6,1,6,17,18,14,0,45,2,1,0,3,1,0.222
377,Derek Hill,CHW,28,108,119,25,17,5,1,3,14,11,8,0,34,1,1,1,4,1,0.231
378,Alejandro Osuna,TEX,24,92,105,22,16,4,0,2,12,10,10,0,22,2,1,1,3,1,0.238
379,Bryan Torres,STL,22,83,93,22,17,4,0,0,10,8,9,0,17,0,0,0,3,1,0.259
380,Andrew Benintendi,CHW,74,289,321,70,46,13,1,10,35,37,26,1,61,2,3,0,2,1,0.242
381,James McCann,ARI,24,86,94,20,13,4,0,2,10,11,5,0,25,1,1,1,0,0,0.233
382,Tommy Troy,ARI,21,84,92,20,15,5,0,1,10,9,7,0,21,0,0,0,2,0,0.242
383,Austin Hedges,CLE,31,109,123,21,15,4,0,3,12,10,10,0,31,1,1,2,1,1,0.196
384,Zach Cole,HOU,23,88,99,19,11,4,1,4,12,12,8,0,37,1,0,0,3,1,0.211
385,Jahmai Jones,DET,22,83,95,20,12,4,1,3,12,11,9,0,24,2,1,0,2,1,0.24
386,Thomas Saggese,STL,28,111,121,27,19,6,0,2,13,12,8,0,32,1,1,0,1,1,0.238
387,Eric Haase,SFG,22,82,88,17,12,4,0,2,9,10,6,0,30,0,0,0,0,0,0.213
388,Colby Thomas,ATH,16,63,69,15,9,3,0,3,8,9,4,0,21,1,0,0,1,0,0.237
389,Jorbit Vivas,WSN,35,131,150,31,23,6,1,1,15,12,14,0,22,4,1,1,3,1,0.235
390,Ildemaro Vargas,ARI,50,201,217,51,37,9,1,4,23,24,12,0,27,2,2,2,2,1,0.256
391,Tim Tawa,ARI,16,62,69,14,9,3,0,2,8,7,6,0,18,0,1,0,2,0,0.221
392,Blake Perkins,MIL,17,67,75,14,10,3,0,1,9,7,8,0,20,0,0,0,2,1,0.214
393,Bryce Eldridge,SFG,57,220,247,51,32,11,0,9,26,30,23,2,76,2,2,0,1,0,0.233
394,Isiah Kiner-Falefa,BOS,35,141,153,35,27,6,1,1,16,13,7,0,25,2,1,1,5,1,0.25
395,Jared Oliva,SFG,11,42,46,10,7,2,0,1,6,4,3,0,11,1,0,0,3,0,0.228
396,José Tena,WSN,35,137,150,33,23,7,1,3,16,14,11,0,38,1,1,1,4,1,0.244
397,Christian Cairo,PHI,10,37,41,8,6,2,0,0,5,3,4,0,11,0,0,0,2,0,0.219
398,Starling Marte,KCR,38,149,165,39,27,7,1,3,19,17,10,0,35,3,1,1,4,1,0.258
399,Hyeseong Kim,LAD,18,72,78,18,13,3,1,1,9,7,5,0,19,1,1,0,4,1,0.25
400,Jesse Winker,,19,70,82,16,11,3,0,2,10,9,11,0,18,1,1,0,1,0,0.237
401,Enrique Hernández,LAD,29,113,124,25,16,5,0,4,14,15,9,0,29,1,1,0,1,0,0.226
402,Myles Straw,TOR,23,89,100,21,16,4,1,1,12,8,8,0,18,0,1,2,4,1,0.238
403,Sam Haggerty,TEX,34,131,147,30,21,6,1,2,18,12,13,0,34,2,1,1,7,1,0.232
404,Jhonny Pereda,SEA,9,33,37,8,5,2,0,0,3,3,4,0,9,0,0,0,0,0,0.229
405,Christian Moore,LAA,22,84,95,18,12,3,1,2,10,9,10,0,29,1,1,0,2,1,0.217
406,Jared Young,NYM,17,65,73,15,9,3,0,3,9,8,7,0,18,0,0,0,0,0,0.232
407,Ryan Mountcastle,BAL,19,76,82,20,13,4,0,3,9,10,5,0,20,0,0,0,0,0,0.259
408,CJ Kayfus,CLE,23,88,99,21,13,5,1,3,11,11,9,0,27,1,1,0,1,0,0.234
409,Pedro Ramírez,CHC,19,72,82,17,11,3,0,2,9,9,8,0,18,1,1,0,1,0,0.24
410,César Salazar,HOU,12,43,49,9,6,2,0,1,5,4,4,0,10,1,0,0,0,0,0.202
411,Michael Helman,TEX,11,42,46,9,5,2,0,1,5,4,3,0,11,0,0,0,1,0,0.205
412,Hao-Yu Lee,DET,10,41,45,10,7,2,0,1,5,5,4,0,10,1,0,0,1,0,0.238
413,David Fry,CLE,22,82,93,18,11,4,0,3,10,11,8,0,26,2,1,0,1,0,0.222
414,Tyler Tolbert,KCR,23,91,101,20,14,4,1,1,12,8,6,0,25,1,1,2,10,1,0.217
415,Spencer Jones,NYY,13,50,55,11,6,2,0,3,7,7,4,0,21,0,0,0,1,0,0.216
416,Jacob Melton,TBR,12,47,52,10,6,2,0,1,6,5,4,0,15,0,0,0,3,1,0.207
417,Brandon Lockridge,MIL,19,71,80,16,12,3,1,1,9,6,6,0,20,1,1,1,4,1,0.23
418,Kameron Misner,KCR,4,16,18,3,2,1,0,1,2,2,2,0,6,0,0,0,1,0,0.215
419,Adrian Del Castillo,ARI,26,97,107,22,14,5,0,3,11,13,8,0,31,1,1,0,0,0,0.23
420,Joey Wiemer,WSN,18,69,77,15,9,3,0,2,8,8,7,0,23,1,1,0,1,0,0.212
421,Esmerlyn Valdez,PIT,18,69,77,16,11,3,0,2,8,9,7,0,21,1,0,0,0,0,0.235
422,Reese McGuire,CHW,13,46,50,10,7,2,0,1,5,5,3,0,11,1,0,0,0,0,0.221
423,Leo Jiménez,MIA,19,71,82,17,12,3,0,1,9,8,6,0,18,2,1,1,1,0,0.234
424,Triston Casas,BOS,12,44,51,10,6,2,0,2,6,7,6,1,13,0,0,0,0,0,0.236
425,Cooper Pratt,MIL,5,21,24,5,3,1,0,0,3,2,2,0,5,0,0,0,1,0,0.228
426,Jacob Gonzalez,CHW,6,24,27,6,4,1,0,1,3,3,3,0,6,0,0,0,1,0,0.24
427,Jon Berti,,15,58,64,14,11,2,0,1,7,5,5,0,13,1,0,0,4,1,0.242
428,Tyler Austin,CHC,14,53,59,13,8,3,0,2,7,7,5,0,14,0,1,0,0,0,0.245
429,Eli White,ATL,14,54,59,13,9,2,0,2,7,6,4,0,15,1,0,0,2,0,0.236
430,Nate Eaton,BOS,10,38,42,9,6,2,0,1,5,4,3,0,10,1,0,0,2,0,0.225
431,Aaron Zavala,TEX,10,36,41,9,6,2,0,1,5,5,4,0,9,0,0,0,1,0,0.24
432,Jose Iglesias,,13,50,55,13,10,3,0,1,6,5,3,0,9,1,0,0,1,0,0.257
433,Seaver King,WSN,6,24,27,6,4,1,0,1,3,3,3,0,6,0,0,0,0,0,0.24
434,Heriberto Hernández,MIA,32,119,136,27,17,5,1,4,16,16,14,0,38,1,1,0,2,1,0.227
435,Max Kepler,,13,49,55,11,7,2,0,2,6,6,5,0,11,1,1,0,0,0,0.235
436,Mike Tauchman,NYM,14,51,60,12,8,2,0,1,7,6,7,0,14,1,0,0,0,0,0.232
437,Ryan Ritter,COL,8,32,36,8,5,2,0,1,4,4,3,0,10,1,0,1,1,0,0.248
438,Tyrone Taylor,NYM,21,84,92,19,12,4,1,2,10,9,5,0,20,2,0,1,2,0,0.226
439,Gabriel Rincones Jr.,PHI,6,24,27,5,3,1,0,1,3,3,3,0,7,0,0,0,1,0,0.218
440,Thairo Estrada,,11,43,46,10,7,2,0,1,5,5,2,0,9,1,0,0,1,0,0.244
441,Weston Wilson,BAL,15,57,64,12,8,2,0,2,8,6,6,0,18,0,0,0,1,1,0.212
442,Gage Workman,DET,5,20,23,5,3,1,0,1,3,3,2,0,5,0,0,0,0,0,0.24
443,Walker Jenkins,MIN,3,12,14,3,2,1,0,0,2,1,1,0,3,0,0,0,0,0,0.242
444,Nick Sogard,BOS,31,119,134,28,22,4,0,1,14,12,14,0,30,1,1,0,2,1,0.234
445,Andrés Chaparro,WSN,17,66,73,15,9,3,0,2,8,9,6,0,18,1,0,0,0,0,0.229
446,Braxton Fulford,COL,12,43,48,10,7,2,0,1,6,6,3,0,13,1,0,0,0,0,0.238
447,Edwin Arroyo,CIN,29,115,125,29,23,4,0,2,13,12,8,0,26,1,0,0,1,0,0.249
448,George Lombard Jr.,NYY,4,16,18,4,3,1,0,1,2,2,2,0,4,0,0,0,0,0,0.24
449,Cody Freeman,TEX,11,42,46,10,7,2,0,1,5,5,3,0,7,0,0,0,1,0,0.24
450,Jordan Beck,COL,34,132,145,32,21,7,1,4,17,15,11,0,41,1,1,0,4,1,0.244
451,Rece Hinds,MIA,12,46,50,10,6,2,0,2,6,6,3,0,17,0,0,0,2,0,0.223
452,Chad Stevens,COL,8,32,36,8,5,2,0,1,4,4,3,0,8,0,0,0,1,0,0.24
453,Jett Williams,MIL,10,37,42,8,5,2,0,1,5,4,4,0,11,1,0,0,2,0,0.221
454,Nick Yorke,PIT,10,41,45,10,7,2,0,1,5,5,3,0,10,0,0,0,1,0,0.25
455,Brett Harris,ATH,7,28,32,6,4,1,0,1,4,3,3,0,7,1,0,0,0,0,0.228
456,Felix Reyes,PHI,8,32,37,8,5,2,0,1,4,4,3,0,8,0,0,0,1,0,0.24
457,Aramis Garcia,ARI,3,11,13,3,2,1,0,0,1,1,1,0,3,0,0,0,0,0,0.24
458,Alex Freeland,LAD,22,84,96,18,12,4,0,2,11,10,10,0,26,1,1,1,2,1,0.219
459,Ben Malgeri,DET,6,24,27,6,4,1,0,1,3,3,3,0,6,0,0,0,0,0,0.24
460,Kristian Campbell,BOS,5,20,23,5,3,1,0,0,3,2,2,0,6,0,0,0,0,0,0.242
461,Tyler Fitzgerald,LAD,1,4,5,1,1,0,0,0,1,1,0,0,1,0,0,0,0,0,0.212
462,Randal Grichuk,CHW,12,46,50,11,7,2,0,2,6,6,3,0,11,1,1,0,0,0,0.24
463,Oswaldo Cabrera,NYY,3,12,14,3,2,0,0,0,2,1,1,0,3,0,0,0,0,0,0.221
464,Gabriel Gonzalez,MIN,8,34,36,9,6,2,0,1,4,4,2,0,7,0,0,0,0,0,0.255
465,Yohendrick Piñango,TOR,20,77,86,18,12,4,0,2,9,9,7,0,19,1,1,0,1,0,0.23
466,Luis Lara,MIL,3,13,14,3,2,1,0,0,2,2,1,0,3,0,0,0,0,0,0.24
467,César Prieto,STL,11,44,47,11,8,2,0,1,5,4,2,0,10,1,0,0,1,0,0.247
468,Jim Jarvis,ATL,3,12,14,3,2,1,0,0,2,2,1,0,3,0,0,0,0,0,0.24
469,George Valera,CLE,29,113,126,25,17,5,0,4,13,13,11,0,33,1,1,0,1,0,0.225
470,Cooper Ingle,CLE,2,7,8,2,1,0,0,0,1,1,1,0,2,0,0,0,0,0,0.24
471,Brett Sullivan,COL,27,98,108,22,15,5,1,2,11,11,7,0,21,1,2,0,1,0,0.228
472,Otto Kemp,PHI,10,37,41,9,5,2,0,1,5,5,3,0,12,1,0,0,1,0,0.23
473,Nick Castellanos,SDP,40,158,171,39,25,7,1,5,19,21,10,0,40,2,1,0,1,0,0.245
474,Max Anderson,DET,2,9,9,2,2,0,0,0,1,1,0,0,2,0,0,0,0,0,0.253
475,Donovan Walton,LAA,16,62,68,13,9,2,0,2,7,6,4,0,11,1,0,1,0,0,0.214
476,Cole Carrigg,COL,4,16,18,4,3,1,0,1,2,2,2,0,4,0,0,0,0,0,0.24
477,Jorge Barrosa,ARI,25,95,106,21,14,5,0,1,11,10,8,0,25,1,1,1,2,1,0.224
478,Tanner Murray,CHW,6,26,27,6,4,1,0,1,3,3,1,0,7,0,0,0,0,0,0.23
479,Steward Berroa,PHI,1,4,5,1,1,0,0,0,1,0,0,0,1,0,0,0,0,0,0.212
480,Ronny Mauricio,NYM,6,26,27,6,4,1,0,1,3,3,2,0,7,0,0,0,1,0,0.232
481,Sterlin Thompson,COL,19,74,82,19,13,4,0,2,10,8,6,0,19,1,0,0,1,0,0.254
482,Troy Johnston,COL,57,223,245,57,39,11,1,6,27,27,17,0,51,4,1,0,6,2,0.256
483,Griffin Conine,MIA,38,146,163,33,21,6,1,5,19,20,15,0,51,1,1,0,1,0,0.224
484,Dom Keegan,TBR,3,12,13,2,2,1,0,0,1,1,1,0,4,0,0,0,0,0,0.21
485,Christian Koss,SFG,3,13,14,3,2,1,0,0,2,1,1,0,3,0,0,0,0,0,0.237
486,Johan Rojas,PHI,6,25,27,6,5,1,0,0,3,2,2,0,6,0,0,1,1,0,0.237
487,Kyler Fedko,MIN,3,12,14,3,2,1,0,0,2,2,1,0,3,0,0,0,0,0,0.24
488,Alek Thomas,LAD,5,21,23,5,3,1,0,1,3,2,1,0,5,0,0,0,0,0,0.237
489,Robert Hassell III,WSN,17,66,73,16,11,3,0,1,7,7,5,0,19,0,0,0,2,0,0.235
490,Trey Sweeney,DET,1,4,5,1,1,0,0,0,1,1,0,0,1,0,0,0,0,0,0.216
491,Mason McCoy,SDP,3,13,14,3,2,1,0,0,2,1,1,0,4,0,0,0,0,0,0.204
492,Jace Jung,DET,10,40,45,9,6,2,0,1,5,4,5,0,12,0,0,0,0,0,0.215
493,Tyler Locklear,ARI,5,21,23,5,3,1,0,1,3,3,2,0,7,0,0,0,0,0,0.235
494,Dominic Smith,ATL,54,209,231,52,37,10,0,6,26,27,18,0,46,3,2,0,2,0,0.25
495,Austin Wynns,LAA,2,8,8,2,1,0,0,0,1,1,1,0,2,0,0,0,0,0,0.225
496,Tre' Morgan,TBR,3,13,14,3,2,1,0,0,2,2,1,0,3,0,0,0,0,0,0.24
497,Blaine Crim,TEX,5,21,23,5,3,1,0,1,3,3,2,0,6,0,0,0,0,0,0.246
498,Sam Huff,BAL,1,4,4,1,1,0,0,0,0,0,0,0,1,0,0,0,0,0,0.24
499,Anthony Santander,TOR,3,12,14,3,2,1,0,1,2,2,1,0,3,0,0,0,0,0,0.225
500,Logan Porter,SFG,1,4,4,1,1,0,0,0,0,0,0,0,1,0,0,0,0,0,0.24
501,Josh Rojas,KCR,4,16,18,4,3,1,0,0,2,2,2,0,4,0,0,0,0,0,0.232
502,Miles Mastrobuoni,SEA,2,8,9,2,1,0,0,0,1,1,1,0,2,0,0,0,0,0,0.234
503,Eduardo Valencia,DET,1,4,4,1,1,0,0,0,1,0,0,0,1,0,0,0,0,0,0.238
504,James Tibbs III,LAD,2,8,9,2,1,0,0,0,1,1,1,0,2,0,0,0,0,0,0.24
505,Willie MacIver,TOR,1,4,4,1,1,0,0,0,0,0,0,0,1,0,0,0,0,0,0.21
506,Garrett Stubbs,PHI,3,11,13,2,2,0,0,0,2,1,1,0,3,0,0,0,0,0,0.213
507,Chas McCormick,CHC,2,8,9,2,1,0,0,0,1,1,1,0,2,0,0,0,0,0,0.222
508,Will Wilson,SEA,1,4,5,1,1,0,0,0,0,0,0,0,1,0,0,0,0,0,0.199
509,Jeferson Quero,MIL,1,4,4,1,1,0,0,0,1,1,0,0,1,0,0,0,0,0,0.231
510,Will Wagner,SDP,2,8,9,2,1,0,0,0,1,1,1,0,2,0,0,0,0,0,0.245
511,Nelson Rada,LAA,4,16,18,4,3,1,0,0,2,1,2,0,4,0,0,0,1,0,0.235
512,Will Brennan,SFG,5,22,23,5,4,1,0,0,2,2,1,0,3,0,0,0,0,0,0.254
513,Austin Barnes,,8,30,34,6,5,1,0,1,3,3,3,0,8,0,0,0,0,0,0.216
514,Mark Canha,,12,44,50,10,7,2,0,1,5,5,5,0,10,1,0,0,1,0,0.234
515,Andrew Pintar,MIA,1,4,5,1,1,0,0,0,1,1,0,0,1,0,0,0,0,0,0.24
516,Kyle Farmer,ATL,5,21,23,5,3,1,0,0,2,2,1,0,5,0,0,0,0,0,0.231
517,BJ Murray,CHC,2,8,9,2,1,0,0,0,1,1,1,0,2,0,0,0,0,0,0.24
518,Juan Brito,CLE,5,20,22,5,3,1,0,1,3,2,2,0,5,0,0,0,0,0,0.225
519,Elias Díaz,KCR,1,4,4,1,1,0,0,0,0,0,0,0,1,0,0,0,0,0,0.227
520,Max Schuemann,NYY,7,28,32,6,4,1,0,0,4,3,3,0,7,1,0,0,1,0,0.218
521,Vidal Bruján,NYM,5,21,23,5,3,1,0,0,3,2,2,0,5,0,0,0,1,0,0.222
522,Heston Kjerstad,BAL,9,37,41,9,6,2,0,1,4,4,3,0,11,1,0,0,0,0,0.233
523,P.J. Higgins,CIN,7,27,30,6,5,1,0,0,2,2,2,0,7,0,0,0,0,0,0.219
524,Austin Slater,TBR,3,12,14,3,2,0,0,0,2,1,1,0,4,0,0,0,0,0,0.225
525,Jonatan Clase,TOR,2,8,9,2,1,0,0,0,1,1,1,0,3,0,0,0,1,0,0.216
526,Chadwick Tromp,ATL,6,23,25,5,3,1,0,0,2,2,2,0,6,0,0,0,0,0,0.205
527,Trei Cruz,DET,3,12,14,3,2,0,0,0,1,1,2,0,4,0,0,0,0,0,0.211
528,Michael Siani,BAL,1,4,5,1,1,0,0,0,1,0,0,0,1,0,0,0,0,0,0.198
529,Justyn-Henry Malloy,TBR,4,16,19,4,2,1,0,0,2,2,2,0,5,0,0,0,0,0,0.225
530,Tommy Pham,BAL,1,4,5,1,1,0,0,0,0,0,0,0,1,0,0,0,0,0,0.237
531,Alika Williams,ATH,19,76,82,19,15,3,0,1,10,5,5,0,16,0,0,1,0,0,0.247
532,Joshua Báez,STL,1,4,5,1,1,0,0,0,1,1,0,0,1,0,0,0,0,0,0.232
533,Christian Encarnacion-Strand,BAL,1,4,5,1,1,0,0,0,1,1,0,0,1,0,0,0,0,0,0.237
534,Kahlil Watson,CLE,2,8,9,2,1,0,0,0,1,1,1,0,3,0,0,0,0,0,0.211
535,Brian Serven,ATH,1,4,4,1,1,0,0,0,0,0,0,0,1,0,0,0,0,0,0.213
536,Ryan Bliss,SEA,2,8,9,2,1,0,0,0,1,1,1,0,3,0,0,0,0,0,0.21
537,Kemp Alderman,MIA,3,13,14,3,2,1,0,0,1,2,1,0,4,0,0,0,0,0,0.234
538,Junior Perez,CHW,3,12,14,3,2,0,0,0,1,1,1,0,4,0,0,0,0,0,0.207
539,Bryce Teodosio,LAA,14,54,59,11,8,2,0,1,6,4,3,0,19,1,0,0,2,1,0.208
540,Anthony Seigler,BOS,1,4,5,1,1,0,0,0,1,0,1,0,1,0,0,0,0,0,0.223
541,Lenyn Sosa,TOR,27,111,118,27,18,5,0,4,12,14,5,0,26,1,1,1,1,0,0.245
542,Yohandy Morales,WSN,9,37,41,9,6,2,0,1,4,4,3,0,12,0,0,0,0,0,0.235
543,Manuel Margot,,3,13,14,3,2,1,0,0,2,1,1,0,3,0,0,0,0,0,0.248
544,Shay Whitcomb,HOU,6,25,27,5,3,1,0,1,3,3,2,0,8,0,0,0,1,0,0.21
545,Justin Dean,CHC,1,4,5,1,1,0,0,0,0,0,0,0,1,0,0,0,0,0,0.204
546,Brice Matthews,HOU,29,110,126,23,14,4,0,4,15,13,12,0,43,2,1,2,5,1,0.211
547,Maverick Handley,ATL,1,4,4,1,1,0,0,0,0,0,0,0,1,0,0,0,0,0,0.206
548,Andrew McCutchen,,16,60,69,13,9,3,0,2,8,7,8,0,16,0,0,0,0,0,0.225
549,Wilmer Flores,,18,70,78,16,11,3,0,3,8,9,7,0,14,1,1,0,0,0,0.232
550,Jose Siri,LAA,27,109,118,23,16,3,0,4,13,13,8,0,44,1,0,0,3,1,0.209
551,Jose Herrera,TEX,1,4,4,1,1,0,0,0,0,0,0,0,1,0,0,0,0,0,0.199
552,Nick Morabito,NYM,6,25,27,6,5,1,0,0,4,2,2,0,7,0,0,0,1,0,0.241
553,Santiago Espinal,LAD,1,4,5,1,1,0,0,0,0,0,0,0,1,0,0,0,0,0,0.245
554,Jarred Kelenic,CHW,1,4,5,1,1,0,0,0,0,0,0,0,1,0,0,0,0,0,0.217
555,Petey Halpin,CLE,9,37,40,8,6,2,0,1,4,4,3,0,12,0,0,0,1,0,0.216
556,Tyler Black,MIL,1,4,5,1,1,0,0,0,1,0,1,0,1,0,0,0,0,0,0.224
557,RJ Schreck,TOR,1,4,5,1,1,0,0,0,1,1,0,0,1,0,0,0,0,0,0.213
558,Garrett Hampson,CIN,1,4,5,1,1,0,0,0,0,0,0,0,1,0,0,0,0,0,0.213
559,Braden Montgomery,CHW,14,54,60,12,8,2,0,1,6,6,5,0,17,1,0,0,1,0,0.229
560,Maximo Acosta,MIA,3,13,14,3,2,1,0,0,2,1,1,0,3,0,0,0,1,0,0.229
561,Akil Baddoo,MIL,1,4,5,1,1,0,0,0,1,1,1,0,1,0,0,0,0,0,0.213
562,Christian Franklin,WSN,2,8,9,2,1,0,0,0,1,1,1,0,2,0,0,0,0,0,0.227
563,Jared Serna,MIA,1,4,5,1,1,0,0,0,0,0,0,0,1,0,0,0,0,0,0.231
564,Oliver Dunn,TBR,4,17,19,3,2,1,0,0,2,1,2,0,6,0,0,0,0,0,0.205
565,Stuart Fairchild,CLE,1,4,4,1,1,0,0,0,1,1,0,0,1,0,0,0,0,0,0.221
566,Tomás Nido,DET,1,4,4,1,1,0,0,0,0,0,0,0,1,0,0,0,0,0,0.224
567,Kristian Robinson,ARI,1,4,5,1,1,0,0,0,1,1,0,0,2,0,0,0,0,0,0.222
568,Héctor Rodríguez,CIN,2,9,9,2,2,0,0,0,1,1,1,0,2,0,0,0,0,0,0.251
569,Johnathan Rodríguez,BAL,1,4,5,1,1,0,0,0,0,0,0,0,1,0,0,0,0,0,0.238
570,Adael Amador,COL,5,20,23,5,3,1,0,0,3,2,2,0,4,0,0,0,1,0,0.241
571,Carlos Santana,ARI,22,86,97,19,13,4,0,2,10,11,10,0,18,1,1,0,1,0,0.219
572,LaMonte Wade Jr.,CHW,2,8,9,2,1,0,0,0,1,1,1,0,2,0,0,0,0,0,0.219
573,Brandon Drury,KCR,2,8,9,2,1,0,0,0,1,1,1,0,2,0,0,0,0,0,0.221
574,José Barrero,BAL,2,8,9,2,2,0,0,0,1,1,1,0,3,0,0,0,0,0,0.207
575,A.J. Vukovich,ARI,2,9,9,2,2,0,0,0,1,1,1,0,3,0,0,0,0,0,0.24
576,Dominic Fletcher,PIT,1,4,5,1,1,0,0,0,1,1,0,0,1,0,0,0,0,0,0.231
577,Riley Adams,WSN,1,4,4,1,1,0,0,0,0,0,0,0,1,0,0,0,0,0,0.212
578,Nicky Lopez,TEX,14,54,60,13,11,2,0,0,6,4,5,0,9,0,0,0,1,0,0.239
579,Charlie Condon,COL,17,64,73,16,10,3,0,2,8,8,6,0,20,1,1,0,1,0,0.243
580,Ethan Murray,MIL,1,4,5,1,1,0,0,0,0,0,0,0,1,0,0,0,0,0,0.196
581,Brock Wilken,MIL,4,17,19,3,2,1,0,1,2,2,2,0,6,0,0,0,0,0,0.192
582,Justin Turner,,16,61,69,15,10,3,0,2,7,7,6,0,13,1,1,0,0,0,0.241
583,Luis Vázquez,BAL,1,4,5,1,1,0,0,0,0,0,0,0,1,0,0,0,0,0,0.229
584,Trey Mancini,LAA,1,4,5,1,1,0,0,0,1,1,0,0,1,0,0,0,0,0,0.223
585,Patrick Wisdom,SEA,5,20,23,4,3,0,0,1,3,4,2,0,8,0,0,0,0,0,0.193
586,Korey Lee,CHW,1,4,4,1,1,0,0,0,0,1,0,0,1,0,0,0,0,0,0.215
587,Nick Madrigal,LAA,7,29,32,7,6,1,0,0,4,2,2,0,4,0,0,0,0,0,0.251
588,Denzer Guzman,LAA,5,21,23,4,3,1,0,0,2,2,2,0,7,0,0,0,0,0,0.216
589,Rafael Flores Jr.,PIT,5,19,21,4,3,1,0,1,2,2,2,0,6,0,0,0,0,0,0.232
590,Hayden Senger,NYM,7,27,29,5,4,1,0,0,2,2,2,0,9,0,0,0,0,0,0.2
591,Rhylan Thomas,HOU,2,8,9,2,1,0,0,0,1,1,1,0,0,0,0,0,0,0,0.232
592,TJ Rumfield,COL,82,318,354,80,54,16,1,9,39,42,29,1,69,4,2,0,2,1,0.252
593,Michael Conforto,CHC,33,122,141,27,18,5,0,4,16,16,16,0,35,2,1,0,0,0,0.225
594,Yohel Pozo,STL,16,64,68,16,11,3,0,2,7,8,3,0,9,0,1,0,0,0,0.245
595,Connor Joe,SEA,2,8,9,2,1,0,0,0,1,1,1,0,2,0,0,0,0,0,0.211
596,Nick Allen,HOU,21,81,90,18,14,3,0,1,9,6,7,0,19,0,1,1,2,1,0.222
597,Adam Frazier,LAA,40,156,172,36,26,7,1,2,18,15,12,0,33,2,1,1,3,1,0.228
598,Abimelec Ortiz,WSN,37,143,159,32,21,7,0,5,17,19,13,0,39,1,1,0,1,0,0.226
599,Billy Cook,PIT,3,13,14,3,2,1,0,0,1,1,1,0,4,0,0,0,0,0,0.224
600,Grant McCray,SFG,2,8,9,2,1,0,0,0,1,1,1,0,3,0,0,0,0,0,0.209
601,Bryan De La Cruz,PHI,7,30,32,7,5,1,0,1,3,4,2,0,9,0,0,0,0,0,0.23
602,Seby Zavala,LAD,1,4,4,1,0,0,0,0,0,0,0,0,2,0,0,0,0,0,0.187
603,Nelson Velázquez,STL,8,30,33,7,4,1,0,1,4,4,3,0,9,0,0,0,1,0,0.221
604,Ryan Ward,LAD,13,50,55,11,7,2,0,2,6,7,4,0,14,0,0,0,0,0,0.217
605,Brennen Davis,SEA,2,8,9,2,2,0,0,0,1,1,1,0,0,0,0,0,0,0,0.2
606,Jose Fernandez,ARI,66,268,287,68,47,13,2,6,32,32,13,0,65,2,2,2,4,1,0.252
607,Bryce Johnson,SDP,15,57,65,13,9,2,0,1,7,5,5,0,17,1,0,1,2,1,0.22
608,Jhostynxon Garcia,PIT,30,121,132,28,18,5,1,3,15,14,9,0,39,1,1,0,2,0,0.228
609,MJ Melendez,NYM,24,95,105,20,11,5,0,4,12,12,9,0,31,1,1,0,2,1,0.208
610,Jacob Berry,MIA,9,37,41,8,6,2,0,0,4,4,3,0,8,0,0,0,1,0,0.226
611,Victor Mesa Jr.,TBR,16,65,71,15,11,2,0,1,9,9,5,0,14,0,0,1,0,0,0.228
612,Tim Elko,CHW,8,34,37,8,5,1,0,1,4,4,2,0,13,0,0,0,0,0,0.229
613,John Rave,KCR,13,49,55,11,7,2,0,1,6,5,5,0,14,0,0,0,2,0,0.222
614,Zack Short,DET,6,24,27,4,3,0,0,0,2,2,3,0,9,0,0,0,0,0,0.156
615,Victor Bericoto,SFG,17,68,73,16,13,2,0,1,10,9,4,0,17,0,0,0,0,0,0.239
616,Justin Foscue,TEX,32,124,137,27,17,7,0,3,14,14,11,0,27,2,1,0,1,0,0.22
617,Deyvison De Los Santos,MIA,16,63,68,15,10,2,0,2,7,8,4,0,17,1,0,0,1,0,0.234
618,Josh Kasevich,TOR,3,13,14,3,2,1,0,0,2,1,1,0,2,0,0,0,0,0,0.241
619,Eric Wagaman,NYM,7,30,32,7,5,1,0,1,4,4,2,0,7,0,0,0,0,0,0.236
620,Zac Veen,COL,17,66,73,16,10,3,0,2,8,7,5,0,18,1,1,0,2,1,0.236
621,Ryan Vilade,TBR,34,131,146,30,20,6,1,3,16,15,11,0,37,2,1,0,2,1,0.227
622,Sebastián Rivero,LAA,14,50,54,10,7,2,0,1,5,5,2,0,12,1,0,0,0,0,0.207
623,Cameron Cauley,TEX,7,29,32,6,4,1,0,1,4,3,2,0,9,0,0,0,1,0,0.215
624,Mickey Gasper,BOS,17,63,72,15,10,3,0,2,9,7,7,0,15,1,0,0,0,0,0.236
625,Henry Bolte,ATH,56,220,243,53,36,10,0,6,29,24,20,0,79,2,1,0,10,2,0.239
626,Leo De Vries,ATH,11,41,46,10,6,2,0,1,5,5,4,0,11,0,0,0,1,0,0.238
627,Sandy León,ATL,19,69,75,10,8,1,0,1,6,6,5,0,25,0,0,0,0,0,0.15
628,Jase Bowen,SDP,6,26,28,5,4,1,0,0,4,3,2,0,8,0,0,0,0,0,0.211
629,Wade Meckler,LAA,24,90,104,15,12,3,0,0,12,9,13,0,27,1,0,0,1,0,0.171
630,Zach Dezenzo,HOU,27,107,117,24,15,5,0,4,13,13,9,0,35,0,0,0,1,0,0.229
631,Jonah Cox,SFG,8,32,36,8,5,1,0,1,4,4,3,0,8,0,0,0,1,0,0.241