date,Home,Away,Home_Score,Away_Score,Total_Score,Home_Win,Over_8,RIFI,Over_4,F5_Home_Score,F5_Away_Score,F5_Total_Score,F5_Home_Win,F1_Home_Score,F1_Away_Score,F1_Total_Score,Any_Runs,Home_Win_Prob,Over_8_Prob,Over_4_Prob,RIFI_Prob
4/1/26,TOR,COL,1,2,3,0,0,0,0,1,0,1,1,0,0,0,0,0.7,0.47,0.49,0.51
4/1/26,STL,NYM,2,1,3,1,0,0,0,0,0,0,0,0,0,0,0,0.4,0.47,0.47,0.5
4/1/26,SEA,NYY,3,5,8,0,0,1,0,0,1,1,0,0,1,1,1,0.51,0.52,0.52,0.51
4/1/26,SD,SF,7,1,8,1,0,1,0,2,0,2,1,1,0,1,1,0.53,0.64,0.61,0.56
4/1/26,PHI,WSH,6,5,11,1,1,1,0,1,1,2,0,1,0,1,1,0.64,0.4,0.43,0.46
4/1/26,MIL,TB,8,2,10,1,1,0,0,2,2,4,0,0,0,0,0,0.52,0.47,0.48,0.5
4/1/26,MIA,CWS,10,0,10,1,1,1,1,8,0,8,1,4,0,4,1,0.52,0.49,0.5,0.47
4/1/26,LAD,CLE,1,4,5,0,0,0,0,0,2,2,0,0,0,0,0,0.68,0.59,0.58,0.54
4/1/26,KC,MIN,13,9,22,1,1,0,1,5,1,6,1,0,0,0,0,0.42,0.4,0.42,0.45
4/1/26,HOU,BOS,6,4,10,1,1,1,1,5,2,7,1,2,1,3,1,0.38,0.53,0.52,0.52
4/1/26,CIN,PIT,3,8,11,0,1,1,0,1,3,4,0,0,3,3,1,0.36,0.44,0.44,0.44
4/1/26,BAL,TEX,8,3,11,1,1,0,1,7,2,9,1,0,0,0,0,0.43,0.57,0.55,0.53
4/1/26,ATL,ATH,5,1,6,1,0,0,1,5,1,6,1,0,0,0,0,0.73,0.46,0.48,0.49
4/1/26,AZ,DET,1,0,1,1,0,1,0,1,0,1,1,1,0,1,1,0.29,0.3,0.34,0.43
4/2/26,SF,NYM,7,2,9,1,1,1,1,6,2,8,1,3,1,4,1,0.39,0.56,0.56,0.53
4/2/26,KC,MIN,1,5,6,0,0,0,0,0,1,1,0,0,0,0,0,0.57,0.39,0.43,0.46
4/2/26,AZ,ATL,2,17,19,0,1,1,1,1,10,11,0,0,1,1,1,0.35,0.58,0.56,0.55
4/3/26,WSH,LAD,6,13,19,0,1,1,1,4,11,15,0,3,0,3,1,0.3,0.68,0.64,0.57
4/3/26,TEX,CIN,3,5,8,0,0,0,0,2,2,4,0,0,0,0,0,0.67,0.56,0.57,0.52
4/3/26,SF,NYM,3,10,13,0,1,1,1,0,5,5,0,0,2,2,1,0.45,0.5,0.5,0.52
4/3/26,PIT,BAL,5,4,9,1,1,0,1,5,2,7,1,0,0,0,0,0.47,0.43,0.45,0.48
4/3/26,NYY,MIA,8,2,10,1,1,1,1,4,2,6,1,2,1,3,1,0.7,0.69,0.66,0.57
4/3/26,MIN,TB,10,4,14,1,1,1,1,3,3,6,0,0,2,2,1,0.53,0.51,0.52,0.5
4/3/26,LAA,SEA,1,3,4,0,0,0,0,0,0,0,0,0,0,0,0,0.44,0.49,0.49,0.5
4/3/26,DET,STL,4,0,4,1,0,0,0,3,0,3,1,0,0,0,0,0.6,0.45,0.47,0.48
4/3/26,COL,PHI,1,10,11,0,1,1,1,1,10,11,0,0,7,7,1,0.34,0.64,0.61,0.59
4/3/26,CLE,CHC,4,1,5,1,0,0,0,1,1,2,0,0,0,0,0,0.45,0.52,0.52,0.5
4/3/26,CWS,TOR,5,4,9,1,1,1,0,3,1,4,1,1,0,1,1,0.56,0.37,0.4,0.44
4/3/26,ATH,HOU,11,4,15,1,1,0,1,11,1,12,1,0,0,0,0,0.61,0.66,0.62,0.57
4/3/26,AZ,ATL,0,2,2,0,0,0,0,0,0,0,0,0,0,0,0,0.45,0.54,0.54,0.54
4/4/26,WSH,LAD,5,10,15,0,1,1,1,2,9,11,0,0,2,2,1,0.24,0.65,0.61,0.57
4/4/26,TEX,CIN,0,2,2,0,0,1,0,0,2,2,0,0,2,2,1,0.57,0.57,0.55,0.52
4/4/26,SF,NYM,0,9,9,0,1,0,1,0,8,8,0,0,0,0,0,0.51,0.4,0.43,0.46
4/4/26,PIT,BAL,3,2,5,1,0,0,0,1,2,3,0,0,0,0,0,0.56,0.47,0.47,0.48
4/4/26,NYY,MIA,9,7,16,1,1,1,1,2,4,6,0,0,2,2,1,0.64,0.57,0.57,0.53
4/4/26,MIN,TB,1,7,8,0,0,0,1,1,6,7,0,0,0,0,0,0.53,0.47,0.48,0.48
4/4/26,LAA,SEA,1,0,1,1,0,1,0,1,0,1,1,1,0,1,1,0.35,0.69,0.64,0.56
4/4/26,DET,STL,11,6,17,1,1,1,1,8,6,14,1,3,0,3,1,0.54,0.49,0.5,0.49
4/4/26,COL,PHI,1,2,3,0,0,1,0,1,2,3,0,0,1,1,1,0.33,0.41,0.43,0.47
4/4/26,CWS,TOR,6,3,9,1,1,1,0,1,0,1,1,1,0,1,1,0.53,0.29,0.34,0.41
4/4/26,BOS,SD,2,3,5,0,0,0,0,1,2,3,0,0,0,0,0,0.57,0.54,0.54,0.51
4/4/26,ATH,HOU,0,11,11,0,1,1,1,0,7,7,0,0,2,2,1,0.42,0.65,0.62,0.57
4/4/26,AZ,ATL,2,1,3,1,0,0,0,2,1,3,1,0,0,0,0,0.38,0.54,0.53,0.55
4/5/26,WSH,LAD,6,8,14,0,1,0,1,6,1,7,1,0,0,0,0,0.48,0.55,0.54,0.51
4/5/26,TEX,CIN,1,2,3,0,0,0,0,0,1,1,0,0,0,0,0,0.46,0.43,0.45,0.45
4/5/26,SF,NYM,2,5,7,0,0,0,0,0,1,1,0,0,0,0,0,0.63,0.4,0.43,0.45
4/5/26,PIT,BAL,8,2,10,1,1,1,1,6,1,7,1,2,0,2,1,0.64,0.42,0.45,0.49
4/5/26,NYY,MIA,6,7,13,0,1,1,1,4,2,6,1,3,1,4,1,0.6,0.44,0.46,0.47
4/5/26,MIN,TB,1,4,5,0,0,0,0,1,1,2,0,0,0,0,0,0.44,0.54,0.52,0.5
4/5/26,LAA,SEA,8,7,15,1,1,1,1,6,5,11,1,1,0,1,1,0.39,0.63,0.6,0.55
4/5/26,KC,MIL,5,8,13,0,1,1,1,2,4,6,0,0,3,3,1,0.56,0.4,0.43,0.43
4/5/26,DET,STL,3,5,8,0,0,0,1,2,4,6,0,0,0,0,0,0.52,0.6,0.57,0.52
4/5/26,COL,PHI,4,1,5,1,0,1,1,4,1,5,1,3,0,3,1,0.51,0.71,0.67,0.6
4/5/26,CWS,TOR,3,0,3,1,0,1,0,3,0,3,1,1,0,1,1,0.57,0.55,0.55,0.53
4/5/26,BOS,SD,6,8,14,0,1,0,1,4,6,10,0,0,0,0,0,0.62,0.46,0.47,0.48
4/5/26,AZ,ATL,6,5,11,1,1,1,1,3,3,6,0,1,1,2,1,0.44,0.47,0.47,0.52
4/6/26,WSH,STL,9,6,15,1,1,1,0,2,1,3,1,2,0,2,1,0.42,0.54,0.53,0.51
4/6/26,TOR,LAD,2,14,16,0,1,1,1,1,6,7,0,1,2,3,1,0.29,0.74,0.68,0.61
4/6/26,TEX,SEA,2,1,3,1,0,1,0,1,1,2,0,1,1,2,1,0.55,0.54,0.53,0.52
4/6/26,TB,CHC,6,4,10,1,1,0,1,4,2,6,1,0,0,0,0,0.69,0.5,0.52,0.52
4/6/26,SF,PHI,4,6,10,0,1,0,1,4,2,6,1,0,0,0,0,0.5,0.58,0.55,0.53
4/6/26,PIT,SD,0,5,5,0,0,0,0,0,3,3,0,0,0,0,0,0.6,0.62,0.59,0.55
4/6/26,MIN,DET,7,3,10,1,1,0,1,5,3,8,1,0,0,0,0,0.59,0.4,0.45,0.47
4/6/26,MIA,CIN,0,2,2,0,0,0,0,0,1,1,0,0,0,0,0,0.59,0.57,0.56,0.51
4/6/26,LAA,ATL,6,2,8,1,0,1,1,6,1,7,1,1,1,2,1,0.27,0.41,0.44,0.48
4/6/26,COL,HOU,9,7,16,1,1,1,1,8,3,11,1,0,2,2,1,0.43,0.62,0.59,0.55
4/6/26,CLE,KC,2,4,6,0,0,0,0,1,1,2,0,0,0,0,0,0.57,0.51,0.51,0.49
4/6/26,CWS,BAL,1,2,3,0,0,0,0,0,1,1,0,0,0,0,0,0.71,0.45,0.48,0.49
4/6/26,BOS,MIL,6,8,14,0,1,1,1,5,5,10,0,1,0,1,1,0.42,0.47,0.47,0.48
4/7/26,WSH,STL,6,7,13,0,1,1,1,4,2,6,1,1,2,3,1,0.53,0.44,0.47,0.5
4/7/26,TOR,LAD,1,4,5,0,0,0,0,0,3,3,0,0,0,0,0,0.41,0.49,0.5,0.51
4/7/26,TEX,SEA,3,2,5,1,0,1,1,3,2,5,1,0,1,1,1,0.48,0.47,0.47,0.49
4/7/26,TB,CHC,2,9,11,0,1,0,0,0,4,4,0,0,0,0,0,0.54,0.54,0.54,0.52
4/7/26,SF,PHI,6,0,6,1,0,1,0,3,0,3,1,1,0,1,1,0.35,0.42,0.44,0.46
4/7/26,PIT,SD,7,1,8,1,0,0,0,2,0,2,1,0,0,0,0,0.65,0.34,0.39,0.45
4/7/26,NYY,ATH,5,3,8,1,0,0,0,1,3,4,0,0,0,0,0,0.66,0.75,0.71,0.63
4/7/26,NYM,AZ,4,3,7,1,0,1,1,2,3,5,0,1,0,1,1,0.58,0.5,0.5,0.5
4/7/26,MIN,DET,4,2,6,1,0,0,0,4,0,4,1,0,0,0,0,0.33,0.31,0.35,0.41
4/7/26,MIA,CIN,3,6,9,0,1,0,0,2,0,2,1,0,0,0,0,0.46,0.48,0.48,0.48
4/7/26,LAA,ATL,2,7,9,0,1,1,1,2,4,6,0,2,0,2,1,0.47,0.56,0.55,0.54
4/7/26,COL,HOU,5,1,6,1,0,0,0,3,1,4,1,0,0,0,0,0.39,0.58,0.56,0.54
4/7/26,CLE,KC,2,1,3,1,0,0,0,1,1,2,0,0,0,0,0,0.54,0.48,0.5,0.49
4/7/26,CWS,BAL,2,4,6,0,0,0,0,2,1,3,1,0,0,0,0,0.42,0.49,0.51,0.5
4/7/26,BOS,MIL,3,2,5,1,0,0,0,0,0,0,0,0,0,0,0,0.56,0.28,0.32,0.41
4/9/26,SD,COL,7,3,10,1,1,0,0,1,1,2,0,0,0,0,0,0.5,0.55,0.53,0.51
4/9/26,NYY,ATH,0,1,1,0,0,0,0,0,0,0,0,0,0,0,0,0.58,0.61,0.59,0.56
4/9/26,NYM,AZ,1,7,8,0,0,1,0,1,0,1,1,1,0,1,1,0.64,0.45,0.48,0.5
4/9/26,MIN,DET,3,1,4,1,0,0,0,1,0,1,1,0,0,0,0,0.58,0.41,0.43,0.48
4/9/26,MIA,CIN,8,1,9,1,1,1,1,4,1,5,1,1,0,1,1,0.54,0.47,0.49,0.48
4/9/26,KC,CWS,0,2,2,0,0,0,0,0,1,1,0,0,0,0,0,0.55,0.54,0.53,0.51
4/10/26,TOR,MIN,10,4,14,1,1,1,1,6,4,10,1,0,3,3,1,0.49,0.6,0.56,0.54
4/10/26,TB,NYY,5,3,8,1,0,1,1,3,2,5,1,2,2,4,1,0.58,0.63,0.61,0.57
4/10/26,STL,BOS,3,2,5,1,0,0,1,3,2,5,1,0,0,0,0,0.54,0.42,0.44,0.46
4/10/26,SEA,HOU,9,6,15,1,1,1,1,5,3,8,1,3,0,3,1,0.51,0.53,0.52,0.5
4/10/26,SD,COL,5,2,7,1,0,0,0,2,0,2,1,0,0,0,0,0.68,0.61,0.61,0.55
4/10/26,PHI,AZ,4,5,9,0,1,1,1,4,5,9,0,4,0,4,1,0.66,0.47,0.49,0.52
4/10/26,MIL,WSH,3,7,10,0,1,1,1,3,2,5,1,3,2,5,1,0.62,0.57,0.57,0.53
4/10/26,LAD,TEX,8,7,15,1,1,0,1,3,4,7,0,0,0,0,0,0.63,0.65,0.64,0.57
4/10/26,KC,CWS,2,0,2,1,0,0,0,1,0,1,1,0,0,0,0,0.58,0.36,0.39,0.44
4/10/26,DET,MIA,2,0,2,1,0,0,0,2,0,2,1,0,0,0,0,0.64,0.64,0.63,0.55
4/10/26,CIN,LAA,2,10,12,0,1,0,1,1,4,5,0,0,0,0,0,0.7,0.62,0.6,0.54
4/10/26,CHC,PIT,0,2,2,0,0,0,0,0,0,0,0,0,0,0,0,0.52,0.54,0.53,0.5
4/10/26,BAL,SF,3,6,9,0,1,0,0,1,3,4,0,0,0,0,0,0.43,0.52,0.52,0.5
4/10/26,ATL,CLE,11,5,16,1,1,0,0,1,2,3,0,0,0,0,0,0.61,0.63,0.6,0.55
4/11/26,TOR,MIN,4,7,11,0,1,1,1,2,7,9,0,2,0,2,1,0.36,0.56,0.53,0.51
4/11/26,TB,NYY,5,4,9,1,1,0,0,1,1,2,0,0,0,0,0,0.42,0.47,0.48,0.49
4/11/26,STL,BOS,1,7,8,0,0,0,0,0,2,2,0,0,0,0,0,0.36,0.38,0.41,0.45
4/11/26,SD,COL,9,5,14,1,1,1,1,6,4,10,1,0,2,2,1,0.55,0.62,0.61,0.57
4/11/26,PHI,AZ,4,3,7,1,0,1,1,4,2,6,1,0,2,2,1,0.43,0.62,0.6,0.56
4/11/26,NYM,ATH,6,11,17,0,1,1,1,3,7,10,0,1,0,1,1,0.53,0.72,0.68,0.59
4/11/26,MIL,WSH,1,3,4,0,0,0,0,0,2,2,0,0,0,0,0,0.55,0.46,0.47,0.47
4/11/26,LAD,TEX,6,3,9,1,1,1,1,5,1,6,1,4,1,5,1,0.51,0.75,0.69,0.61
4/11/26,KC,CWS,2,0,2,1,0,1,0,1,0,1,1,1,0,1,1,0.64,0.54,0.54,0.52
4/11/26,DET,MIA,6,1,7,1,0,1,1,5,1,6,1,2,0,2,1,0.56,0.5,0.49,0.47
4/11/26,CIN,LAA,7,3,10,1,1,1,1,5,3,8,1,4,0,4,1,0.43,0.77,0.7,0.59
4/11/26,CHC,PIT,3,4,7,0,0,0,0,1,3,4,0,0,0,0,0,0.46,0.5,0.49,0.49
4/11/26,BAL,SF,6,2,8,1,0,0,1,4,2,6,1,0,0,0,0,0.35,0.49,0.5,0.5
4/11/26,ATL,CLE,0,6,6,0,0,1,0,0,1,1,0,0,1,1,1,0.5,0.55,0.54,0.52
4/12/26,TOR,MIN,2,8,10,0,1,1,1,1,8,9,0,1,0,1,1,0.4,0.64,0.61,0.54
4/12/26,TB,NYY,5,4,9,1,1,1,0,3,0,3,1,1,0,1,1,0.45,0.5,0.5,0.51
4/12/26,STL,BOS,3,9,12,0,1,1,1,1,7,8,0,0,2,2,1,0.52,0.49,0.49,0.49
4/12/26,SEA,HOU,6,1,7,1,0,1,1,4,1,5,1,1,0,1,1,0.65,0.65,0.62,0.56
4/12/26,SD,COL,7,2,9,1,1,1,1,4,2,6,1,1,0,1,1,0.57,0.44,0.46,0.5
4/12/26,PHI,AZ,3,4,7,0,0,0,0,0,1,1,0,0,0,0,0,0.55,0.51,0.5,0.52
4/12/26,NYM,ATH,0,1,1,0,0,0,0,0,1,1,0,0,0,0,0,0.57,0.63,0.61,0.56
4/12/26,MIL,WSH,6,8,14,0,1,0,1,3,2,5,1,0,0,0,0,0.65,0.51,0.51,0.52
4/12/26,LAD,TEX,2,5,7,0,0,1,0,1,2,3,0,1,0,1,1,0.46,0.74,0.69,0.63
4/12/26,KC,CWS,5,6,11,0,1,0,1,5,4,9,1,0,0,0,0,0.39,0.34,0.36,0.44
4/12/26,DET,MIA,8,2,10,1,1,1,0,4,0,4,1,3,0,3,1,0.75,0.32,0.38,0.42
4/12/26,CIN,LAA,6,9,15,0,1,1,1,0,7,7,0,0,3,3,1,0.48,0.57,0.55,0.53
4/12/26,CHC,PIT,7,6,13,1,1,1,1,3,6,9,0,0,1,1,1,0.44,0.73,0.69,0.57
4/12/26,BAL,SF,6,2,8,1,0,1,1,4,1,5,1,2,0,2,1,0.56,0.63,0.6,0.57
4/12/26,ATL,CLE,13,1,14,1,1,0,1,9,0,9,1,0,0,0,0,0.66,0.4,0.44,0.47
4/13/26,STL,CLE,3,9,12,0,1,1,1,1,4,5,0,1,1,2,1,0.49,0.42,0.44,0.46
4/13/26,SEA,HOU,6,2,8,1,0,1,1,6,2,8,1,3,0,3,1,0.65,0.56,0.56,0.54
4/13/26,PIT,WSH,16,5,21,1,1,1,1,5,1,6,1,0,1,1,1,0.65,0.31,0.36,0.43
4/13/26,PHI,CHC,13,7,20,1,1,1,1,9,2,11,1,1,0,1,1,0.65,0.53,0.53,0.51
4/13/26,NYY,LAA,11,10,21,1,1,1,1,7,4,11,1,2,0,2,1,0.57,0.61,0.6,0.54
4/13/26,MIN,BOS,13,6,19,1,1,1,1,13,3,16,1,4,0,4,1,0.44,0.41,0.42,0.46
4/13/26,LAD,NYM,4,0,4,1,0,1,0,4,0,4,1,1,0,1,1,0.55,0.67,0.64,0.58
4/13/26,BAL,AZ,9,7,16,1,1,1,1,1,4,5,0,0,1,1,1,0.57,0.6,0.6,0.59
4/13/26,ATL,MIA,4,10,14,0,1,0,1,4,6,10,0,0,0,0,0,0.63,0.63,0.61,0.56
4/13/26,ATH,TEX,1,8,9,0,1,1,0,0,4,4,0,0,3,3,1,0.46,0.6,0.57,0.54
4/14/26,STL,CLE,6,5,11,1,1,1,0,2,2,4,0,1,1,2,1,0.49,0.44,0.45,0.48
4/14/26,PIT,WSH,4,5,9,0,1,1,1,4,5,9,0,1,3,4,1,0.63,0.5,0.51,0.51
4/14/26,PHI,CHC,4,10,14,0,1,0,1,3,3,6,0,0,0,0,0,0.45,0.68,0.64,0.58
4/14/26,NYY,LAA,1,7,8,0,0,1,0,0,4,4,0,0,3,3,1,0.53,0.53,0.53,0.53
4/14/26,MIN,BOS,6,0,6,1,0,1,1,5,0,5,1,1,0,1,1,0.52,0.4,0.42,0.46
4/14/26,MIL,TOR,7,9,16,0,1,0,0,3,1,4,1,0,0,0,0,0.49,0.42,0.45,0.46
4/14/26,LAD,NYM,2,1,3,1,0,1,0,1,1,2,0,1,1,2,1,0.65,0.64,0.61,0.56
4/14/26,HOU,COL,7,6,13,1,1,1,1,7,5,12,1,0,1,1,1,0.66,0.66,0.65,0.57
4/14/26,DET,KC,2,1,3,1,0,0,0,0,1,1,0,0,0,0,0,0.48,0.41,0.43,0.45
4/14/26,CIN,SF,2,1,3,1,0,0,0,2,1,3,1,0,0,0,0,0.49,0.75,0.7,0.58
4/14/26,CWS,TB,5,8,13,0,1,1,1,3,4,7,0,0,3,3,1,0.33,0.39,0.41,0.47
4/14/26,BAL,AZ,3,4,7,0,0,0,1,2,4,6,0,0,0,0,0,0.6,0.47,0.48,0.5
4/14/26,ATL,MIA,6,5,11,1,1,1,1,3,4,7,0,0,1,1,1,0.59,0.51,0.52,0.5
4/14/26,ATH,TEX,2,1,3,1,0,1,0,2,1,3,1,0,1,1,1,0.48,0.56,0.55,0.54
4/15/26,STL,CLE,5,3,8,1,0,1,0,1,1,2,0,0,1,1,1,0.53,0.47,0.48,0.49
4/15/26,SD,SEA,7,6,13,1,1,0,1,0,6,6,0,0,0,0,0,0.37,0.65,0.61,0.54
4/15/26,PIT,WSH,2,0,2,1,0,1,0,2,0,2,1,2,0,2,1,0.66,0.52,0.53,0.52
4/15/26,PHI,CHC,2,11,13,0,1,1,1,1,5,6,0,1,0,1,1,0.56,0.59,0.57,0.53
4/15/26,NYY,LAA,5,4,9,1,1,1,1,3,4,7,0,1,0,1,1,0.55,0.84,0.78,0.65
4/15/26,MIN,BOS,5,9,14,0,1,1,1,1,7,8,0,1,0,1,1,0.53,0.56,0.54,0.51
4/15/26,MIL,TOR,2,1,3,1,0,1,0,0,1,1,0,0,1,1,1,0.45,0.48,0.46,0.48
4/15/26,LAD,NYM,8,2,10,1,1,0,0,2,1,3,1,0,0,0,0,0.53,0.59,0.58,0.54
4/15/26,HOU,COL,3,1,4,1,0,1,0,3,1,4,1,2,0,2,1,0.63,0.67,0.63,0.56
4/15/26,DET,KC,2,1,3,1,0,0,0,1,1,2,0,0,0,0,0,0.54,0.52,0.51,0.5
4/15/26,CIN,SF,8,3,11,1,1,1,1,8,2,10,1,4,0,4,1,0.47,0.63,0.61,0.54
4/15/26,CWS,TB,3,8,11,0,1,0,0,0,3,3,0,0,0,0,0,0.47,0.55,0.54,0.53
4/15/26,BAL,AZ,5,8,13,0,1,0,1,4,3,7,1,0,0,0,0,0.64,0.43,0.46,0.5
4/15/26,ATL,MIA,6,3,9,1,1,0,0,2,0,2,1,0,0,0,0,0.71,0.64,0.62,0.58
4/16/26,SD,SEA,5,2,7,1,0,0,0,4,0,4,1,0,0,0,0,0.4,0.68,0.63,0.55
4/16/26,PIT,WSH,7,8,15,0,1,0,1,4,4,8,0,0,0,0,0,0.58,0.36,0.38,0.43
4/16/26,NYY,LAA,4,11,15,0,1,1,1,3,2,5,1,1,2,3,1,0.7,0.6,0.6,0.58
4/16/26,MIL,TOR,2,1,3,1,0,0,0,1,1,2,0,0,0,0,0,0.48,0.55,0.53,0.52
4/16/26,HOU,COL,2,3,5,0,0,1,1,2,3,5,0,2,0,2,1,0.57,0.64,0.61,0.56
4/16/26,DET,KC,10,9,19,1,1,0,1,6,1,7,1,0,0,0,0,0.42,0.51,0.5,0.5
4/16/26,CLE,BAL,4,2,6,1,0,1,0,3,0,3,1,2,0,2,1,0.55,0.47,0.49,0.49
4/16/26,CIN,SF,0,3,3,0,0,0,0,0,0,0,0,0,0,0,0,0.5,0.44,0.45,0.48
4/16/26,CWS,TB,3,5,8,0,0,0,0,1,1,2,0,0,0,0,0,0.47,0.5,0.5,0.5
4/16/26,ATH,TEX,6,9,15,0,1,0,1,3,2,5,1,0,0,0,0,0.43,0.66,0.63,0.58
4/17/26,WSH,SF,5,10,15,0,1,0,1,3,8,11,0,0,0,0,0,0.29,0.5,0.49,0.5
4/17/26,SEA,TEX,0,5,5,0,0,1,0,0,2,2,0,0,1,1,1,0.49,0.59,0.56,0.54
4/17/26,PIT,TB,5,1,6,1,0,0,0,1,0,1,1,0,0,0,0,0.47,0.51,0.51,0.51
4/17/26,PHI,ATL,0,9,9,0,1,1,1,0,7,7,0,0,2,2,1,0.33,0.78,0.72,0.63
4/17/26,NYY,KC,4,2,6,1,0,0,0,2,0,2,1,0,0,0,0,0.64,0.61,0.59,0.56
4/17/26,MIN,CIN,1,2,3,0,0,0,0,1,2,3,0,0,0,0,0,0.71,0.56,0.55,0.52
4/17/26,MIA,MIL,5,7,12,0,1,0,0,1,3,4,0,0,0,0,0,0.52,0.46,0.47,0.48
4/17/26,LAA,SD,8,0,8,1,0,0,1,8,0,8,1,0,0,0,0,0.64,0.65,0.64,0.57
4/17/26,COL,LAD,1,7,8,0,0,1,1,1,7,8,0,0,1,1,1,0.2,0.61,0.59,0.56
4/17/26,CLE,BAL,4,6,10,0,1,0,0,0,0,0,0,0,0,0,0,0.58,0.52,0.52,0.51
4/17/26,CHC,NYM,12,4,16,1,1,1,1,7,3,10,1,4,0,4,1,0.59,0.6,0.58,0.51
4/17/26,BOS,DET,1,0,1,1,0,0,0,0,0,0,0,0,0,0,0,0.57,0.36,0.38,0.44
4/17/26,ATH,CWS,2,9,11,0,1,1,1,1,5,6,0,0,1,1,1,0.49,0.62,0.6,0.57
4/17/26,AZ,TOR,6,3,9,1,1,0,0,3,1,4,1,0,0,0,0,0.45,0.45,0.46,0.51
4/18/26,WSH,SF,6,7,13,0,1,1,1,5,3,8,1,1,0,1,1,0.55,0.5,0.51,0.52
4/18/26,SEA,TEX,7,3,10,1,1,1,0,3,0,3,1,1,0,1,1,0.54,0.49,0.49,0.5
4/18/26,PIT,TB,7,8,15,0,1,1,1,4,5,9,0,2,0,2,1,0.63,0.31,0.37,0.44
4/18/26,PHI,ATL,1,3,4,0,0,0,0,1,3,4,0,0,0,0,0,0.41,0.33,0.37,0.45
4/18/26,NYY,KC,13,4,17,1,1,0,1,7,0,7,1,0,0,0,0,0.59,0.61,0.59,0.55
4/18/26,MIN,CIN,4,5,9,0,1,1,1,4,2,6,1,2,0,2,1,0.5,0.5,0.5,0.5
4/18/26,MIA,MIL,2,5,7,0,0,0,0,1,3,4,0,0,0,0,0,0.42,0.43,0.44,0.44
4/18/26,LAA,SD,1,4,5,0,0,0,0,0,0,0,0,0,0,0,0,0.63,0.68,0.65,0.57
4/18/26,COL,LAD,4,3,7,1,0,1,1,2,3,5,0,1,2,3,1,0.31,0.67,0.62,0.57
4/18/26,CLE,BAL,4,2,6,1,0,0,0,3,1,4,1,0,0,0,0,0.61,0.53,0.53,0.51
4/18/26,CHC,NYM,4,2,6,1,0,0,0,1,1,2,0,0,0,0,0,0.39,0.68,0.64,0.56
4/18/26,BOS,DET,1,4,5,0,0,1,1,1,4,5,0,0,1,1,1,0.29,0.3,0.34,0.41
4/18/26,ATH,CWS,7,6,13,1,1,0,1,3,5,8,0,0,0,0,0,0.65,0.71,0.67,0.59
4/18/26,AZ,TOR,6,2,8,1,0,1,0,2,1,3,1,1,1,2,1,0.6,0.52,0.52,0.52
4/19/26,WSH,SF,3,0,3,1,0,0,0,3,0,3,1,0,0,0,0,0.47,0.57,0.56,0.53
4/19/26,SEA,TEX,5,2,7,1,0,1,1,5,0,5,1,1,0,1,1,0.52,0.46,0.47,0.48
4/19/26,PIT,TB,6,3,9,1,1,1,1,4,2,6,1,1,0,1,1,0.36,0.32,0.36,0.42
4/19/26,PHI,ATL,2,4,6,0,0,1,1,2,4,6,0,2,0,2,1,0.39,0.73,0.68,0.61
4/19/26,NYY,KC,7,0,7,1,0,1,1,7,0,7,1,3,0,3,1,0.55,0.56,0.54,0.54
4/19/26,MIN,CIN,4,7,11,0,1,1,0,3,1,4,1,1,0,1,1,0.59,0.57,0.56,0.51
4/19/26,MIA,MIL,5,3,8,1,0,1,0,3,0,3,1,3,0,3,1,0.47,0.42,0.43,0.47
4/19/26,HOU,STL,5,7,12,0,1,0,1,1,4,5,0,0,0,0,0,0.49,0.64,0.62,0.56
4/19/26,COL,LAD,9,6,15,1,1,0,1,3,3,6,0,0,0,0,0,0.31,0.72,0.66,0.6
4/19/26,CLE,BAL,8,4,12,1,1,0,1,6,4,10,1,0,0,0,0,0.52,0.45,0.46,0.5
4/19/26,CHC,NYM,2,1,3,1,0,0,0,0,1,1,0,0,0,0,0,0.53,0.63,0.6,0.52
4/19/26,BOS,DET,2,6,8,0,0,1,1,1,5,6,0,1,1,2,1,0.57,0.32,0.37,0.42
4/19/26,ATH,CWS,4,7,11,0,1,1,1,1,7,8,0,0,1,1,1,0.56,0.56,0.54,0.52
4/19/26,AZ,TOR,4,10,14,0,1,1,1,1,10,11,0,0,8,8,1,0.36,0.43,0.46,0.49
4/20/26,WSH,ATL,4,9,13,0,1,1,1,3,2,5,1,2,0,2,1,0.31,0.65,0.62,0.59
4/20/26,TB,CIN,1,6,7,0,0,1,0,1,3,4,0,1,2,3,1,0.44,0.63,0.6,0.54
4/20/26,MIA,STL,5,3,8,1,0,0,0,2,1,3,1,0,0,0,0,0.53,0.45,0.47,0.49
4/20/26,LAA,TOR,2,5,7,0,0,1,0,2,2,4,0,1,0,1,1,0.52,0.44,0.46,0.48
4/20/26,KC,BAL,5,7,12,0,1,0,0,1,0,1,1,0,0,0,0,0.42,0.39,0.41,0.46
4/20/26,COL,LAD,3,12,15,0,1,1,1,1,5,6,0,1,0,1,1,0.25,0.61,0.58,0.55
4/20/26,CLE,HOU,2,9,11,0,1,1,1,2,7,9,0,1,2,3,1,0.51,0.68,0.62,0.56
4/20/26,CHC,PHI,5,1,6,1,0,0,1,5,1,6,1,0,0,0,0,0.55,0.59,0.59,0.54
4/20/26,BOS,DET,8,6,14,1,1,0,0,2,2,4,0,0,0,0,0,0.57,0.42,0.43,0.46
4/21/26,WSH,ATL,11,4,15,1,1,1,1,5,3,8,1,3,0,3,1,0.41,0.49,0.5,0.52
4/21/26,TEX,PIT,5,1,6,1,0,1,1,5,1,6,1,0,1,1,1,0.51,0.49,0.5,0.5
4/21/26,TB,CIN,6,12,18,0,1,1,1,0,5,5,0,0,2,2,1,0.43,0.42,0.44,0.48
4/21/26,SEA,ATH,2,5,7,0,0,1,0,2,2,4,0,0,1,1,1,0.59,0.67,0.63,0.58
4/21/26,SF,LAD,3,1,4,1,0,1,0,3,1,4,1,3,0,3,1,0.4,0.42,0.43,0.46
4/21/26,NYM,MIN,3,5,8,0,0,0,0,3,0,3,1,0,0,0,0,0.53,0.6,0.57,0.52
4/21/26,MIA,STL,3,5,8,0,0,1,1,1,5,6,0,1,1,2,1,0.4,0.57,0.54,0.54
4/21/26,LAA,TOR,2,4,6,0,0,0,0,1,0,1,1,0,0,0,0,0.47,0.66,0.61,0.56
4/21/26,KC,BAL,6,5,11,1,1,0,1,3,3,6,0,0,0,0,0,0.56,0.4,0.43,0.46
4/21/26,DET,MIL,4,12,16,0,1,0,0,1,3,4,0,0,0,0,0,0.45,0.53,0.53,0.51
4/21/26,COL,SD,0,1,1,0,0,0,0,0,0,0,0,0,0,0,0,0.49,0.55,0.54,0.52
4/21/26,CLE,HOU,8,5,13,1,1,1,1,2,3,5,0,1,0,1,1,0.56,0.59,0.57,0.54
4/21/26,CHC,PHI,7,4,11,1,1,0,0,1,0,1,1,0,0,0,0,0.48,0.53,0.53,0.5
4/21/26,BOS,NYY,0,4,4,0,0,0,0,0,1,1,0,0,0,0,0,0.57,0.64,0.63,0.55
4/21/26,AZ,CWS,5,11,16,0,1,1,1,2,8,10,0,0,4,4,1,0.49,0.48,0.48,0.49
4/22/26,WSH,ATL,6,8,14,0,1,1,1,4,8,12,0,4,1,5,1,0.36,0.61,0.59,0.56
4/22/26,TEX,PIT,4,8,12,0,1,1,1,2,4,6,0,0,1,1,1,0.42,0.47,0.47,0.49
4/22/26,TB,CIN,6,1,7,1,0,0,1,5,1,6,1,0,0,0,0,0.63,0.57,0.56,0.52
4/22/26,SEA,ATH,5,4,9,1,1,1,1,2,3,5,0,1,2,3,1,0.59,0.67,0.63,0.59
4/22/26,SF,LAD,3,0,3,1,0,0,0,0,0,0,0,0,0,0,0,0.4,0.5,0.5,0.5
4/22/26,NYM,MIN,3,2,5,1,0,1,0,2,1,3,1,1,0,1,1,0.63,0.55,0.55,0.51
4/22/26,MIA,STL,4,1,5,1,0,0,0,4,0,4,1,0,0,0,0,0.57,0.46,0.46,0.47
4/22/26,LAA,TOR,7,3,10,1,1,0,0,3,0,3,1,0,0,0,0,0.65,0.59,0.58,0.55
4/22/26,KC,BAL,6,8,14,0,1,1,1,3,2,5,1,1,2,3,1,0.53,0.5,0.5,0.49
4/22/26,DET,MIL,5,2,7,1,0,0,1,4,1,5,1,0,0,0,0,0.52,0.5,0.51,0.51
4/22/26,COL,SD,8,3,11,1,1,1,1,5,1,6,1,0,1,1,1,0.37,0.66,0.62,0.56
4/22/26,BOS,NYY,1,4,5,0,0,1,0,0,4,4,0,0,3,3,1,0.46,0.36,0.39,0.46
4/22/26,AZ,CWS,11,7,18,1,1,1,1,8,4,12,1,0,2,2,1,0.51,0.5,0.51,0.5
4/23/26,WSH,ATL,2,7,9,0,1,1,0,2,2,4,0,1,0,1,1,0.47,0.56,0.55,0.54
4/23/26,TEX,PIT,6,1,7,1,0,0,1,6,1,7,1,0,0,0,0,0.57,0.55,0.55,0.51
4/23/26,SF,LAD,0,3,3,0,0,0,0,0,3,3,0,0,0,0,0,0.49,0.36,0.4,0.46
4/23/26,NYM,MIN,10,8,18,1,1,1,1,7,2,9,1,3,1,4,1,0.43,0.51,0.5,0.5
4/23/26,DET,MIL,5,4,9,1,1,1,0,2,1,3,1,2,0,2,1,0.77,0.35,0.41,0.45
4/23/26,COL,SD,8,10,18,0,1,1,1,6,4,10,1,1,0,1,1,0.45,0.62,0.59,0.55
4/23/26,CHC,PHI,8,7,15,1,1,0,1,5,2,7,1,0,0,0,0,0.47,0.44,0.44,0.45
4/23/26,BOS,NYY,2,4,6,0,0,0,0,2,1,3,1,0,0,0,0,0.48,0.4,0.42,0.46
4/23/26,AZ,CWS,1,4,5,0,0,1,0,1,1,2,0,1,0,1,1,0.4,0.46,0.47,0.49
4/24/26,TOR,CLE,6,8,14,0,1,1,1,4,7,11,0,2,5,7,1,0.34,0.63,0.59,0.54
4/24/26,TEX,ATH,1,8,9,0,1,1,1,1,6,7,0,0,3,3,1,0.56,0.57,0.56,0.52
4/24/26,TB,MIN,6,2,8,1,0,1,0,3,1,4,1,1,0,1,1,0.53,0.44,0.45,0.48
4/24/26,STL,SEA,2,3,5,0,0,0,0,2,2,4,0,0,0,0,0,0.4,0.46,0.47,0.47
4/24/26,SF,MIA,4,9,13,0,1,1,1,3,8,11,0,0,3,3,1,0.48,0.52,0.52,0.49
4/24/26,NYM,COL,3,4,7,0,0,0,0,1,1,2,0,0,0,0,0,0.75,0.58,0.58,0.55
4/24/26,MIL,PIT,0,6,6,0,0,0,0,0,3,3,0,0,0,0,0,0.38,0.36,0.39,0.45
4/24/26,LAD,CHC,4,6,10,0,1,0,0,4,0,4,1,0,0,0,0,0.61,0.86,0.79,0.66
4/24/26,KC,LAA,6,3,9,1,1,0,1,5,0,5,1,0,0,0,0,0.49,0.44,0.46,0.48
4/24/26,CIN,DET,9,8,17,1,1,0,1,2,5,7,0,0,0,0,0,0.45,0.56,0.53,0.5
4/24/26,CWS,WSH,5,4,9,1,1,0,0,1,3,4,0,0,0,0,0,0.6,0.51,0.52,0.5
4/24/26,BAL,BOS,10,3,13,1,1,1,1,9,2,11,1,4,0,4,1,0.47,0.65,0.62,0.56
4/24/26,ATL,PHI,5,3,8,1,0,0,1,2,3,5,0,0,0,0,0,0.58,0.63,0.61,0.57
4/25/26,TOR,CLE,5,3,8,1,0,0,0,1,1,2,0,0,0,0,0,0.54,0.46,0.48,0.49
4/25/26,TEX,ATH,4,3,7,1,0,0,1,2,3,5,0,0,0,0,0,0.52,0.52,0.52,0.52
4/25/26,TB,MIN,6,1,7,1,0,0,0,2,0,2,1,0,0,0,0,0.63,0.36,0.41,0.46
4/25/26,STL,SEA,9,11,20,0,1,1,1,7,6,13,1,2,2,4,1,0.4,0.38,0.41,0.45
4/25/26,SF,MIA,6,2,8,1,0,0,0,1,1,2,0,0,0,0,0,0.54,0.55,0.53,0.51
4/25/26,MIL,PIT,3,6,9,0,1,0,0,2,2,4,0,0,0,0,0,0.54,0.47,0.48,0.5
4/25/26,LAD,CHC,12,4,16,1,1,0,1,8,4,12,1,0,0,0,0,0.49,0.8,0.74,0.62
4/25/26,KC,LAA,12,1,13,1,1,0,1,4,1,5,1,0,0,0,0,0.68,0.48,0.49,0.5
4/25/26,HOU,NYY,3,8,11,0,1,1,0,1,2,3,0,1,0,1,1,0.37,0.7,0.65,0.61
4/25/26,CIN,DET,9,2,11,1,1,1,1,6,2,8,1,4,1,5,1,0.41,0.67,0.63,0.54
4/25/26,CWS,WSH,3,6,9,0,1,0,0,0,2,2,0,0,0,0,0,0.63,0.59,0.59,0.55
4/25/26,BAL,BOS,1,17,18,0,1,0,1,0,7,7,0,0,0,0,0,0.44,0.43,0.44,0.48
4/25/26,ATL,PHI,5,8,13,0,1,1,1,2,3,5,0,0,1,1,1,0.46,0.45,0.46,0.49
4/25/26,AZ,SD,4,6,10,0,1,0,1,4,1,5,1,0,0,0,0,0.56,0.54,0.53,0.53
4/26/26,TOR,CLE,4,2,6,1,0,1,0,2,2,4,0,2,0,2,1,0.53,0.61,0.59,0.55
4/26/26,TB,MIN,4,2,6,1,0,0,0,4,0,4,1,0,0,0,0,0.69,0.38,0.42,0.46
4/26/26,STL,SEA,2,3,5,0,0,0,0,1,1,2,0,0,0,0,0,0.48,0.46,0.46,0.48
4/26/26,SF,MIA,6,3,9,1,1,0,0,1,3,4,0,0,0,0,0,0.53,0.4,0.43,0.45
4/26/26,MIL,PIT,5,0,5,1,0,0,1,5,0,5,1,0,0,0,0,0.53,0.45,0.46,0.47
4/26/26,LAD,CHC,6,0,6,1,0,1,0,3,0,3,1,3,0,3,1,0.53,0.72,0.67,0.6
4/26/26,KC,LAA,11,9,20,1,1,1,1,1,6,7,0,0,2,2,1,0.44,0.45,0.46,0.47
4/26/26,HOU,NYY,7,4,11,1,1,1,1,7,0,7,1,2,0,2,1,0.49,0.78,0.72,0.64
4/26/26,CIN,DET,3,8,11,0,1,1,1,3,2,5,1,0,2,2,1,0.5,0.65,0.61,0.54
4/26/26,CWS,WSH,1,2,3,0,0,0,0,0,0,0,0,0,0,0,0,0.53,0.45,0.47,0.49
4/26/26,BAL,BOS,3,5,8,0,0,0,0,1,3,4,0,0,0,0,0,0.62,0.51,0.52,0.51
4/26/26,ATL,PHI,6,2,8,1,0,1,1,6,0,6,1,3,0,3,1,0.75,0.4,0.45,0.51
4/27/26,TOR,BOS,0,5,5,0,0,0,0,0,3,3,0,0,0,0,0,0.46,0.38,0.42,0.45
4/27/26,TEX,NYY,2,4,6,0,0,0,0,0,4,4,0,0,0,0,0,0.39,0.5,0.5,0.49
4/27/26,PIT,STL,2,4,6,0,0,1,0,2,0,2,1,1,0,1,1,0.56,0.43,0.45,0.48
4/27/26,MIN,SEA,11,4,15,1,1,0,1,7,2,9,1,0,0,0,0,0.46,0.57,0.54,0.52
4/27/26,LAD,MIA,5,4,9,1,1,1,1,2,4,6,0,2,0,2,1,0.79,0.73,0.71,0.61
4/27/26,CLE,TB,2,3,5,0,0,0,0,2,0,2,1,0,0,0,0,0.52,0.49,0.49,0.51
4/27/26,CWS,LAA,8,7,15,1,1,1,1,1,4,5,0,0,1,1,1,0.58,0.67,0.65,0.57
4/28/26,TOR,BOS,3,0,3,1,0,0,0,3,0,3,1,0,0,0,0,0.49,0.41,0.43,0.46
4/28/26,TEX,NYY,2,3,5,0,0,1,0,0,1,1,0,0,1,1,1,0.46,0.51,0.51,0.5
4/28/26,SD,CHC,3,8,11,0,1,0,0,2,2,4,0,0,0,0,0,0.42,0.66,0.61,0.54
4/28/26,PIT,STL,7,11,18,0,1,0,1,0,6,6,0,0,0,0,0,0.66,0.43,0.45,0.47
4/28/26,PHI,SF,7,0,7,1,0,0,0,1,0,1,1,0,0,0,0,0.54,0.49,0.49,0.5
4/28/26,NYM,WSH,8,0,8,1,0,1,1,8,0,8,1,1,0,1,1,0.69,0.58,0.57,0.56
4/28/26,MIN,SEA,1,7,8,0,0,0,0,1,0,1,1,0,0,0,0,0.56,0.44,0.45,0.48
4/28/26,MIL,AZ,13,2,15,1,1,0,1,5,2,7,1,0,0,0,0,0.57,0.48,0.48,0.5
4/28/26,LAD,MIA,1,2,3,0,0,0,0,0,2,2,0,0,0,0,0,0.6,0.58,0.57,0.53
4/28/26,CLE,TB,0,1,1,0,0,0,0,0,1,1,0,0,0,0,0,0.5,0.44,0.44,0.48
4/28/26,CIN,COL,7,2,9,1,1,1,1,4,2,6,1,3,0,3,1,0.74,0.54,0.55,0.53
4/28/26,CWS,LAA,5,2,7,1,0,0,0,3,1,4,1,0,0,0,0,0.53,0.48,0.5,0.48
4/28/26,BAL,HOU,5,3,8,1,0,1,1,4,1,5,1,2,0,2,1,0.54,0.65,0.62,0.55
4/28/26,ATL,DET,5,2,7,1,0,0,0,2,0,2,1,0,0,0,0,0.5,0.57,0.56,0.52
4/28/26,ATH,KC,1,4,5,0,0,0,0,1,0,1,1,0,0,0,0,0.43,0.6,0.57,0.52
4/29/26,TOR,BOS,8,1,9,1,1,1,1,7,1,8,1,0,1,1,1,0.44,0.61,0.58,0.55
4/29/26,TEX,NYY,3,0,3,1,0,0,0,2,0,2,1,0,0,0,0,0.57,0.57,0.57,0.54
4/29/26,SD,CHC,4,5,9,0,1,0,1,3,3,6,0,0,0,0,0,0.48,0.77,0.71,0.59
4/29/26,PIT,STL,4,5,9,0,1,0,0,1,3,4,0,0,0,0,0,0.53,0.51,0.51,0.5
4/29/26,NYM,WSH,2,14,16,0,1,1,1,2,9,11,0,0,2,2,1,0.56,0.48,0.48,0.5
4/29/26,MIN,SEA,3,5,8,0,0,0,0,2,1,3,1,0,0,0,0,0.45,0.51,0.52,0.49
4/29/26,MIL,AZ,2,6,8,0,0,1,1,2,4,6,0,1,0,1,1,0.49,0.51,0.52,0.52
4/29/26,LAD,MIA,2,3,5,0,0,0,0,1,2,3,0,0,0,0,0,0.65,0.62,0.6,0.57
4/29/26,CLE,TB,3,1,4,1,0,0,0,3,0,3,1,0,0,0,0,0.5,0.44,0.46,0.48
4/29/26,CIN,COL,2,13,15,0,1,1,1,0,5,5,0,0,3,3,1,0.6,0.68,0.64,0.57
4/29/26,CWS,LAA,3,2,5,1,0,0,0,1,1,2,0,0,0,0,0,0.37,0.67,0.62,0.56
4/29/26,ATL,DET,4,3,7,1,0,1,1,2,3,5,0,2,0,2,1,0.29,0.46,0.47,0.46
4/29/26,ATH,KC,5,2,7,1,0,1,1,4,1,5,1,0,1,1,1,0.56,0.59,0.58,0.55
4/30/26,PIT,STL,5,10,15,0,1,1,1,3,5,8,0,0,3,3,1,0.74,0.39,0.45,0.48
4/30/26,NYM,WSH,4,5,9,0,1,0,1,3,3,6,0,0,0,0,0,0.7,0.59,0.6,0.59
4/30/26,MIN,TOR,7,1,8,1,0,0,0,2,1,3,1,0,0,0,0,0.46,0.45,0.46,0.48
4/30/26,MIL,AZ,13,1,14,1,1,1,1,8,1,9,1,3,0,3,1,0.58,0.45,0.47,0.5
4/30/26,CIN,COL,6,4,10,1,1,1,1,3,2,5,1,0,2,2,1,0.73,0.66,0.65,0.55
4/30/26,ATL,DET,2,5,7,0,0,0,0,2,0,2,1,0,0,0,0,0.49,0.49,0.49,0.49
4/30/26,ATH,KC,6,3,9,1,1,1,1,5,2,7,1,1,1,2,1,0.55,0.51,0.52,0.53
5/2/26,WSH,MIL,1,4,5,0,0,1,0,1,3,4,0,0,3,3,1,0.44,0.45,0.45,0.48
5/2/26,TB,SF,5,1,6,1,0,0,0,4,0,4,1,0,0,0,0,0.56,0.32,0.36,0.42
5/2/26,STL,LAD,3,2,5,1,0,0,0,3,0,3,1,0,0,0,0,0.47,0.56,0.55,0.54
5/2/26,SEA,KC,2,3,5,0,0,1,0,2,1,3,1,1,0,1,1,0.56,0.54,0.54,0.52
5/2/26,PIT,CIN,17,7,24,1,1,1,1,15,4,19,1,5,2,7,1,0.59,0.5,0.51,0.51
5/2/26,NYY,BAL,9,4,13,1,1,0,1,6,1,7,1,0,0,0,0,0.5,0.55,0.53,0.53
5/2/26,MIN,TOR,4,11,15,0,1,1,1,4,2,6,1,1,0,1,1,0.47,0.49,0.49,0.49
5/2/26,MIA,PHI,4,0,4,1,0,0,0,3,0,3,1,0,0,0,0,0.59,0.51,0.51,0.51
5/2/26,LAA,NYM,4,3,7,1,0,1,0,3,1,4,1,1,0,1,1,0.54,0.52,0.52,0.52
5/2/26,DET,TEX,5,1,6,1,0,1,1,5,1,6,1,3,0,3,1,0.45,0.61,0.59,0.51
5/2/26,COL,ATL,1,9,10,0,1,1,1,1,8,9,0,0,2,2,1,0.24,0.42,0.43,0.46
5/2/26,CHC,AZ,2,0,2,1,0,0,0,1,0,1,1,0,0,0,0,0.65,0.59,0.57,0.55
5/2/26,BOS,HOU,3,6,9,0,1,1,1,1,6,7,0,0,1,1,1,0.5,0.57,0.56,0.52
5/2/26,ATH,CLE,6,14,20,0,1,1,1,4,5,9,0,2,0,2,1,0.49,0.72,0.67,0.6
5/3/26,WSH,MIL,3,2,5,1,0,0,0,2,1,3,1,0,0,0,0,0.39,0.47,0.48,0.49
5/3/26,TB,SF,2,1,3,1,0,1,0,0,1,1,0,0,1,1,1,0.47,0.47,0.48,0.5
5/3/26,STL,LAD,1,4,5,0,0,0,0,0,3,3,0,0,0,0,0,0.42,0.52,0.52,0.51
5/3/26,SEA,KC,1,4,5,0,0,0,0,1,3,4,0,0,0,0,0,0.48,0.44,0.46,0.48
5/3/26,SD,CWS,4,3,7,1,0,0,0,3,1,4,1,0,0,0,0,0.48,0.65,0.62,0.57
5/3/26,PIT,CIN,1,0,1,1,0,0,0,0,0,0,0,0,0,0,0,0.52,0.32,0.36,0.43
5/3/26,NYY,BAL,11,3,14,1,1,1,1,3,3,6,0,1,0,1,1,0.71,0.56,0.57,0.54
5/3/26,MIN,TOR,4,3,7,1,0,1,0,4,0,4,1,1,0,1,1,0.54,0.36,0.39,0.43
5/3/26,MIA,PHI,2,7,9,0,1,1,1,0,7,7,0,0,6,6,1,0.34,0.52,0.5,0.51
5/3/26,LAA,NYM,1,5,6,0,0,1,0,1,2,3,0,1,0,1,1,0.33,0.63,0.6,0.56
5/3/26,DET,TEX,7,1,8,1,0,0,0,2,0,2,1,0,0,0,0,0.49,0.52,0.52,0.5
5/3/26,COL,ATL,6,11,17,0,1,1,1,5,6,11,0,1,0,1,1,0.33,0.49,0.48,0.49
5/3/26,BOS,HOU,1,3,4,0,0,0,0,1,0,1,1,0,0,0,0,0.65,0.47,0.5,0.51
5/3/26,ATH,CLE,7,1,8,1,0,0,1,4,1,5,1,0,0,0,0,0.45,0.57,0.56,0.52
5/4/26,TB,TOR,5,1,6,1,0,1,0,3,1,4,1,3,0,3,1,0.63,0.5,0.51,0.51
5/4/26,STL,MIL,6,3,9,1,1,0,0,4,0,4,1,0,0,0,0,0.45,0.51,0.5,0.49
5/4/26,SEA,ATL,5,4,9,1,1,1,0,0,1,1,0,0,1,1,1,0.57,0.59,0.58,0.54
5/4/26,SF,SD,3,2,5,1,0,1,0,2,1,3,1,2,1,3,1,0.5,0.58,0.57,0.53
5/4/26,NYY,BAL,12,1,13,1,1,1,0,3,0,3,1,2,0,2,1,0.64,0.58,0.58,0.54
5/4/26,MIA,PHI,0,1,1,0,0,0,0,0,1,1,0,0,0,0,0,0.5,0.48,0.48,0.5
5/4/26,LAA,CWS,0,6,6,0,0,1,1,0,5,5,0,0,2,2,1,0.51,0.55,0.54,0.53
5/4/26,KC,CLE,6,2,8,1,0,0,1,4,2,6,1,0,0,0,0,0.49,0.48,0.49,0.46
5/4/26,HOU,LAD,3,8,11,0,1,1,1,3,8,11,0,2,1,3,1,0.31,0.63,0.59,0.56
5/4/26,DET,BOS,4,5,9,0,1,0,0,0,0,0,0,0,0,0,0,0.45,0.44,0.46,0.49
5/4/26,COL,NYM,2,4,6,0,0,0,0,0,0,0,0,0,0,0,0,0.28,0.64,0.6,0.56
5/4/26,CHC,CIN,5,4,9,1,1,0,1,3,3,6,0,0,0,0,0,0.65,0.66,0.63,0.54
5/5/26,WSH,MIN,3,11,14,0,1,1,1,2,6,8,0,1,0,1,1,0.48,0.46,0.47,0.49
5/5/26,TB,TOR,4,3,7,1,0,1,1,2,3,5,0,0,1,1,1,0.52,0.39,0.42,0.46
5/5/26,SEA,ATL,2,3,5,0,0,0,0,2,2,4,0,0,0,0,0,0.57,0.5,0.52,0.52
5/5/26,SF,SD,5,10,15,0,1,1,1,4,7,11,0,2,0,2,1,0.65,0.42,0.44,0.47
5/5/26,PHI,ATH,9,1,10,1,1,0,0,1,0,1,1,0,0,0,0,0.67,0.51,0.53,0.51
5/5/26,NYY,TEX,7,4,11,1,1,1,1,3,3,6,0,1,3,4,1,0.48,0.69,0.65,0.59
5/5/26,MIA,BAL,7,9,16,0,1,1,1,4,7,11,0,1,3,4,1,0.51,0.51,0.51,0.49
5/5/26,LAA,CWS,4,3,7,1,0,1,1,4,2,6,1,2,2,4,1,0.52,0.76,0.71,0.62
5/5/26,KC,CLE,5,3,8,1,0,1,1,4,3,7,1,2,0,2,1,0.45,0.48,0.48,0.48
5/5/26,DET,BOS,3,10,13,0,1,1,1,3,10,13,0,2,3,5,1,0.51,0.4,0.43,0.47
5/5/26,CHC,CIN,3,2,5,1,0,1,0,0,1,1,0,0,1,1,1,0.43,0.67,0.63,0.55
5/5/26,AZ,PIT,9,0,9,1,1,1,0,2,0,2,1,2,0,2,1,0.49,0.54,0.54,0.52
5/6/26,WSH,MIN,15,2,17,1,1,0,1,3,2,5,1,0,0,0,0,0.37,0.58,0.56,0.54
5/6/26,TB,TOR,3,0,3,1,0,0,0,2,0,2,1,0,0,0,0,0.69,0.39,0.43,0.5
5/6/26,STL,MIL,2,6,8,0,0,1,1,0,5,5,0,0,4,4,1,0.5,0.51,0.51,0.49
5/6/26,SEA,ATL,3,1,4,1,0,0,0,1,0,1,1,0,0,0,0,0.61,0.49,0.49,0.52
5/6/26,SF,SD,1,5,6,0,0,0,0,1,1,2,0,0,0,0,0,0.42,0.52,0.51,0.48
5/6/26,PHI,ATH,6,3,9,1,1,0,0,1,2,3,0,0,0,0,0,0.61,0.47,0.48,0.51
5/6/26,NYY,TEX,1,6,7,0,0,1,1,0,6,6,0,0,1,1,1,0.53,0.6,0.58,0.53
5/6/26,MIA,BAL,4,7,11,0,1,1,1,3,5,8,0,3,3,6,1,0.49,0.58,0.57,0.54
5/6/26,LAA,CWS,8,2,10,1,1,0,1,7,1,8,1,0,0,0,0,0.38,0.69,0.64,0.57
5/6/26,KC,CLE,1,3,4,0,0,0,0,1,2,3,0,0,0,0,0,0.59,0.39,0.43,0.45
5/6/26,DET,BOS,0,4,4,0,0,0,0,0,4,4,0,0,0,0,0,0.48,0.47,0.48,0.47
5/6/26,COL,NYM,5,10,15,0,1,1,0,0,4,4,0,0,1,1,1,0.25,0.66,0.61,0.57
5/6/26,CHC,CIN,7,6,13,1,1,1,1,4,2,6,1,2,1,3,1,0.62,0.67,0.64,0.53
5/6/26,AZ,PIT,0,1,1,0,0,1,0,0,1,1,0,0,1,1,1,0.3,0.41,0.43,0.47
5/7/26,WSH,MIN,7,5,12,1,1,0,1,5,3,8,1,0,0,0,0,0.39,0.62,0.59,0.55
5/7/26,NYY,TEX,9,2,11,1,1,1,0,1,2,3,0,1,0,1,1,0.45,0.7,0.65,0.57
5/7/26,MIA,BAL,4,3,7,1,0,1,1,3,2,5,1,2,0,2,1,0.49,0.44,0.45,0.46
5/7/26,KC,CLE,5,8,13,0,1,1,1,1,4,5,0,0,3,3,1,0.54,0.51,0.51,0.5
5/7/26,COL,NYM,6,2,8,1,0,0,0,1,2,3,0,0,0,0,0,0.32,0.61,0.59,0.56
5/7/26,CHC,CIN,8,3,11,1,1,0,1,8,0,8,1,0,0,0,0,0.56,0.61,0.58,0.51
5/7/26,BOS,TB,4,8,12,0,1,0,1,3,3,6,0,0,0,0,0,0.28,0.38,0.41,0.46
5/7/26,AZ,PIT,2,4,6,0,0,1,1,2,3,5,0,1,1,2,1,0.42,0.44,0.46,0.51
5/8/26,TOR,LAA,2,0,2,1,0,0,0,2,0,2,1,0,0,0,0,0.55,0.44,0.47,0.48
5/8/26,TEX,CHC,1,7,8,0,0,1,0,1,3,4,0,0,1,1,1,0.39,0.47,0.47,0.46
5/8/26,SF,PIT,5,2,7,1,0,0,0,2,1,3,1,0,0,0,0,0.47,0.46,0.47,0.46
5/8/26,SD,STL,0,6,6,0,0,0,1,0,6,6,0,0,0,0,0,0.44,0.61,0.59,0.55
5/8/26,PHI,COL,7,9,16,0,1,1,1,0,6,6,0,0,1,1,1,0.71,0.47,0.49,0.5
5/8/26,MIL,NYY,6,0,6,1,0,0,1,5,0,5,1,0,0,0,0,0.44,0.47,0.48,0.49
5/8/26,MIA,WSH,2,3,5,0,0,1,1,2,3,5,0,2,3,5,1,0.52,0.43,0.47,0.5
5/8/26,LAD,ATL,3,1,4,1,0,0,0,2,1,3,1,0,0,0,0,0.37,0.63,0.61,0.57
5/8/26,KC,DET,4,3,7,1,0,0,0,1,1,2,0,0,0,0,0,0.59,0.43,0.45,0.45
5/8/26,CLE,MIN,6,4,10,1,1,1,0,4,0,4,1,4,0,4,1,0.55,0.51,0.51,0.49
5/8/26,CIN,HOU,0,10,10,0,1,0,0,0,2,2,0,0,0,0,0,0.52,0.71,0.68,0.6
5/8/26,CWS,SEA,8,12,20,0,1,1,1,5,6,11,0,1,0,1,1,0.41,0.61,0.57,0.53
5/8/26,BOS,TB,2,0,2,1,0,0,0,2,0,2,1,0,0,0,0,0.56,0.53,0.54,0.54
5/8/26,BAL,ATH,3,4,7,0,0,0,0,1,3,4,0,0,0,0,0,0.65,0.65,0.62,0.56
5/8/26,AZ,NYM,1,3,4,0,0,0,0,1,1,2,0,0,0,0,0,0.34,0.56,0.54,0.52
5/9/26,TOR,LAA,14,1,15,1,1,0,1,8,0,8,1,0,0,0,0,0.68,0.57,0.57,0.53
5/9/26,TEX,CHC,6,0,6,1,0,0,1,5,0,5,1,0,0,0,0,0.47,0.58,0.56,0.49
5/9/26,SF,PIT,3,13,16,0,1,0,0,1,2,3,0,0,0,0,0,0.47,0.36,0.39,0.43
5/9/26,SD,STL,4,2,6,1,0,0,0,3,1,4,1,0,0,0,0,0.45,0.59,0.58,0.54
5/9/26,PHI,COL,9,3,12,1,1,0,1,7,3,10,1,0,0,0,0,0.65,0.61,0.59,0.57
5/9/26,MIL,NYY,4,3,7,1,0,1,0,0,2,2,0,0,1,1,1,0.44,0.53,0.5,0.52
5/9/26,MIA,WSH,8,7,15,1,1,1,1,2,4,6,0,0,3,3,1,0.5,0.42,0.44,0.46
5/9/26,LAD,ATL,2,7,9,0,1,1,1,0,6,6,0,0,1,1,1,0.54,0.58,0.57,0.53
5/9/26,KC,DET,5,1,6,1,0,1,1,5,0,5,1,2,0,2,1,0.6,0.57,0.56,0.52
5/9/26,CLE,MIN,1,2,3,0,0,1,0,1,1,2,0,0,1,1,1,0.43,0.4,0.42,0.47
5/9/26,CIN,HOU,3,1,4,1,0,0,0,3,1,4,1,0,0,0,0,0.67,0.55,0.56,0.53
5/9/26,CWS,SEA,6,1,7,1,0,1,1,5,1,6,1,2,0,2,1,0.42,0.6,0.57,0.53
5/9/26,BAL,ATH,2,6,8,0,0,1,1,0,5,5,0,0,1,1,1,0.52,0.72,0.67,0.59
5/9/26,AZ,NYM,2,1,3,1,0,0,0,2,1,3,1,0,0,0,0,0.41,0.5,0.49,0.5
5/10/26,TOR,LAA,1,6,7,0,0,1,1,1,4,5,0,1,0,1,1,0.54,0.43,0.45,0.49
5/10/26,TEX,CHC,3,0,3,1,0,0,0,1,0,1,1,0,0,0,0,0.62,0.64,0.61,0.53
5/10/26,SF,PIT,7,6,13,1,1,1,1,2,3,5,0,0,1,1,1,0.55,0.5,0.51,0.49
5/10/26,SD,STL,3,2,5,1,0,0,0,0,2,2,0,0,0,0,0,0.51,0.62,0.6,0.55
5/10/26,PHI,COL,6,0,6,1,0,1,1,5,0,5,1,2,0,2,1,0.8,0.5,0.53,0.53
5/10/26,MIL,NYY,4,3,7,1,0,1,1,3,2,5,1,0,1,1,1,0.5,0.51,0.51,0.52
5/10/26,MIA,WSH,5,2,7,1,0,0,0,2,2,4,0,0,0,0,0,0.51,0.43,0.45,0.47
5/10/26,LAD,ATL,2,7,9,0,1,0,0,0,4,4,0,0,0,0,0,0.56,0.68,0.65,0.57
5/10/26,KC,DET,3,6,9,0,1,0,1,3,3,6,0,0,0,0,0,0.46,0.41,0.43,0.47
5/10/26,CLE,MIN,4,5,9,0,1,0,1,2,5,7,0,0,0,0,0,0.52,0.51,0.51,0.51
5/10/26,CIN,HOU,5,0,5,1,0,0,0,4,0,4,1,0,0,0,0,0.58,0.66,0.62,0.57
5/10/26,CWS,SEA,2,1,3,1,0,1,0,0,1,1,0,0,1,1,1,0.45,0.56,0.55,0.5
5/10/26,BOS,TB,1,4,5,0,0,1,0,0,3,3,0,0,1,1,1,0.55,0.36,0.39,0.45
5/10/26,BAL,ATH,2,1,3,1,0,0,0,1,1,2,0,0,0,0,0,0.44,0.71,0.67,0.6
5/10/26,AZ,NYM,5,1,6,1,0,0,0,2,0,2,1,0,0,0,0,0.42,0.49,0.48,0.51
5/11/26,TOR,TB,5,8,13,0,1,1,1,3,7,10,0,0,3,3,1,0.55,0.44,0.46,0.49
5/11/26,TEX,AZ,0,1,1,0,0,1,0,0,1,1,0,0,1,1,1,0.61,0.48,0.47,0.47
5/11/26,LAD,SF,3,9,12,0,1,0,0,2,1,3,1,0,0,0,0,0.57,0.79,0.74,0.6
5/11/26,CLE,LAA,7,2,9,1,1,0,1,7,0,7,1,0,0,0,0,0.61,0.52,0.52,0.5
5/11/26,BAL,NYY,3,2,5,1,0,0,0,0,2,2,0,0,0,0,0,0.34,0.69,0.66,0.6
5/12/26,TOR,TB,6,7,13,0,1,1,0,0,3,3,0,0,1,1,1,0.32,0.46,0.47,0.51
5/12/26,TEX,AZ,7,4,11,1,1,1,1,7,1,8,1,1,0,1,1,0.56,0.49,0.5,0.5
5/12/26,PIT,COL,3,1,4,1,0,1,0,2,0,2,1,1,0,1,1,0.8,0.41,0.45,0.48
5/12/26,NYM,DET,10,2,12,1,1,0,1,3,2,5,1,0,0,0,0,0.58,0.52,0.52,0.49
5/12/26,MIN,MIA,3,0,3,1,0,0,0,3,0,3,1,0,0,0,0,0.61,0.56,0.55,0.51
5/12/26,MIL,SD,6,4,10,1,1,0,1,6,2,8,1,0,0,0,0,0.46,0.58,0.55,0.51
5/12/26,LAD,SF,2,6,8,0,0,1,1,2,3,5,0,1,0,1,1,0.7,0.68,0.65,0.56
5/12/26,HOU,SEA,2,10,12,0,1,0,1,2,7,9,0,0,0,0,0,0.39,0.52,0.51,0.5
5/12/26,CLE,LAA,3,2,5,1,0,0,0,2,0,2,1,0,0,0,0,0.54,0.66,0.63,0.57
5/12/26,CIN,WSH,4,10,14,0,1,0,1,2,7,9,0,0,0,0,0,0.6,0.71,0.67,0.59
5/12/26,CWS,KC,6,5,11,1,1,1,1,5,2,7,1,0,2,2,1,0.41,0.65,0.62,0.56
5/12/26,BOS,PHI,1,2,3,0,0,1,0,0,2,2,0,0,1,1,1,0.42,0.31,0.35,0.4
5/12/26,BAL,NYY,2,6,8,0,0,1,1,0,6,6,0,0,1,1,1,0.44,0.6,0.58,0.55
5/12/26,ATL,CHC,5,2,7,1,0,0,1,5,2,7,1,0,0,0,0,0.48,0.63,0.6,0.52
5/12/26,ATH,STL,4,6,10,0,1,1,1,3,4,7,0,0,4,4,1,0.57,0.56,0.55,0.54
5/13/26,TOR,TB,5,3,8,1,0,0,0,0,0,0,0,0,0,0,0,0.41,0.36,0.39,0.44
5/13/26,TEX,AZ,6,5,11,1,1,0,0,3,0,3,1,0,0,0,0,0.6,0.56,0.56,0.53
5/13/26,PIT,COL,4,10,14,0,1,0,1,3,6,9,0,0,0,0,0,0.72,0.54,0.55,0.52
5/13/26,NYM,DET,3,2,5,1,0,1,0,1,2,3,0,0,2,2,1,0.49,0.51,0.52,0.5
5/13/26,MIN,MIA,5,9,14,0,1,1,1,4,8,12,0,1,2,3,1,0.45,0.53,0.52,0.49
5/13/26,LAD,SF,4,0,4,1,0,0,0,4,0,4,1,0,0,0,0,0.65,0.68,0.65,0.55
5/13/26,CLE,LAA,4,2,6,1,0,1,1,3,2,5,1,2,0,2,1,0.52,0.4,0.42,0.48
5/13/26,CIN,WSH,7,8,15,0,1,1,1,6,6,12,0,5,0,5,1,0.61,0.72,0.68,0.6
5/13/26,CWS,KC,6,5,11,1,1,0,1,5,3,8,1,0,0,0,0,0.53,0.55,0.54,0.51
5/13/26,BOS,PHI,3,1,4,1,0,0,0,1,1,2,0,0,0,0,0,0.6,0.45,0.47,0.5
5/13/26,BAL,NYY,7,0,7,1,0,0,1,5,0,5,1,0,0,0,0,0.46,0.47,0.48,0.5
5/13/26,ATL,CHC,4,1,5,1,0,0,0,1,1,2,0,0,0,0,0,0.4,0.61,0.58,0.5
5/14/26,PIT,COL,7,2,9,1,1,1,1,7,2,9,1,3,0,3,1,0.71,0.47,0.48,0.47
5/14/26,NYM,DET,9,4,13,1,1,1,1,6,3,9,1,0,3,3,1,0.6,0.54,0.54,0.52
5/14/26,MIN,MIA,9,1,10,1,1,0,1,6,0,6,1,0,0,0,0,0.57,0.42,0.44,0.45
5/14/26,MIL,SD,7,1,8,1,0,1,1,7,0,7,1,3,0,3,1,0.62,0.56,0.56,0.53
5/14/26,LAD,SF,5,2,7,1,0,1,0,2,2,4,0,1,0,1,1,0.42,0.67,0.62,0.54
5/14/26,HOU,SEA,3,8,11,0,1,1,1,1,5,6,0,0,3,3,1,0.38,0.63,0.6,0.56
5/14/26,CIN,WSH,15,1,16,1,1,0,1,9,0,9,1,0,0,0,0,0.63,0.45,0.48,0.51
5/14/26,CWS,KC,6,2,8,1,0,1,1,5,1,6,1,2,1,3,1,0.39,0.49,0.48,0.49
5/14/26,BOS,PHI,1,3,4,0,0,0,0,0,0,0,0,0,0,0,0,0.51,0.31,0.34,0.42
5/14/26,ATL,CHC,0,2,2,0,0,0,0,0,0,0,0,0,0,0,0,0.56,0.37,0.4,0.44
5/14/26,ATH,STL,4,5,9,0,1,1,0,1,1,2,0,1,0,1,1,0.48,0.63,0.62,0.57
5/15/26,WSH,BAL,3,2,5,1,0,0,0,1,0,1,1,0,0,0,0,0.4,0.59,0.58,0.55
5/15/26,TB,MIA,7,2,9,1,1,1,1,6,1,7,1,2,0,2,1,0.46,0.52,0.51,0.49
5/15/26,STL,KC,5,4,9,1,1,0,1,3,2,5,1,0,0,0,0,0.53,0.42,0.44,0.46
5/15/26,SEA,SD,0,2,2,0,0,0,0,0,1,1,0,0,0,0,0,0.6,0.62,0.6,0.53
5/15/26,PIT,PHI,9,11,20,0,1,0,1,7,3,10,1,0,0,0,0,0.65,0.41,0.44,0.48
5/15/26,NYM,NYY,2,5,7,0,0,0,0,0,4,4,0,0,0,0,0,0.47,0.54,0.53,0.52
5/15/26,MIN,MIL,2,3,5,0,0,1,0,0,1,1,0,0,1,1,1,0.59,0.43,0.46,0.47
5/15/26,LAA,LAD,0,6,6,0,0,0,0,0,4,4,0,0,0,0,0,0.33,0.73,0.67,0.57
5/15/26,HOU,TEX,2,0,2,1,0,0,0,1,0,1,1,0,0,0,0,0.41,0.61,0.58,0.53
5/15/26,DET,TOR,3,2,5,1,0,0,0,1,2,3,0,0,0,0,0,0.47,0.4,0.42,0.44
5/15/26,COL,AZ,1,9,10,0,1,1,1,1,7,8,0,1,6,7,1,0.4,0.54,0.53,0.54
5/15/26,CLE,CIN,6,7,13,0,1,0,0,0,3,3,0,0,0,0,0,0.52,0.51,0.52,0.51
5/15/26,CWS,CHC,5,10,15,0,1,1,1,3,4,7,0,0,1,1,1,0.43,0.6,0.58,0.53
5/15/26,ATL,BOS,3,2,5,1,0,1,0,2,0,2,1,1,0,1,1,0.59,0.44,0.46,0.47
5/15/26,ATH,SF,5,2,7,1,0,0,1,5,2,7,1,0,0,0,0,0.44,0.67,0.63,0.54
5/16/26,WSH,BAL,13,3,16,1,1,0,0,4,0,4,1,0,0,0,0,0.52,0.49,0.5,0.51
5/16/26,TB,MIA,5,10,15,0,1,0,0,1,0,1,1,0,0,0,0,0.57,0.46,0.48,0.5
5/16/26,STL,KC,4,2,6,1,0,1,0,3,1,4,1,1,0,1,1,0.46,0.44,0.46,0.49
5/16/26,SEA,SD,4,7,11,0,1,0,1,2,5,7,0,0,0,0,0,0.58,0.58,0.58,0.52
5/16/26,PIT,PHI,0,6,6,0,0,1,1,0,5,5,0,0,3,3,1,0.37,0.41,0.43,0.46
5/16/26,NYM,NYY,6,3,9,1,1,0,1,5,2,7,1,0,0,0,0,0.47,0.61,0.57,0.56
5/16/26,MIN,MIL,1,2,3,0,0,0,0,1,1,2,0,0,0,0,0,0.41,0.47,0.48,0.48
5/16/26,LAA,LAD,2,15,17,0,1,1,0,0,1,1,0,0,1,1,1,0.44,0.64,0.6,0.55
5/16/26,HOU,TEX,4,1,5,1,0,1,0,4,0,4,1,2,0,2,1,0.39,0.62,0.59,0.55
5/16/26,DET,TOR,1,2,3,0,0,0,0,0,0,0,0,0,0,0,0,0.43,0.39,0.4,0.45
5/16/26,COL,AZ,4,2,6,1,0,1,1,3,2,5,1,2,0,2,1,0.41,0.54,0.53,0.53
5/16/26,CLE,CIN,7,4,11,1,1,0,1,2,4,6,0,0,0,0,0,0.59,0.57,0.55,0.53
5/16/26,CWS,CHC,8,3,11,1,1,1,1,7,0,7,1,3,0,3,1,0.59,0.66,0.63,0.57
5/16/26,ATL,BOS,2,3,5,0,0,1,0,2,1,3,1,1,0,1,1,0.46,0.44,0.46,0.49
5/16/26,ATH,SF,4,6,10,0,1,1,1,1,5,6,0,0,1,1,1,0.57,0.65,0.61,0.55
5/17/26,WSH,BAL,3,7,10,0,1,1,1,2,6,8,0,0,1,1,1,0.58,0.53,0.53,0.54
5/17/26,TB,MIA,6,3,9,1,1,1,1,5,2,7,1,1,0,1,1,0.57,0.52,0.52,0.51
5/17/26,STL,KC,0,2,2,0,0,1,0,0,2,2,0,0,1,1,1,0.52,0.42,0.45,0.47
5/17/26,SEA,SD,3,8,11,0,1,1,0,0,2,2,0,0,1,1,1,0.66,0.58,0.56,0.52
5/17/26,PIT,PHI,0,6,6,0,0,0,0,0,2,2,0,0,0,0,0,0.54,0.23,0.3,0.4
5/17/26,NYM,NYY,7,6,13,1,1,0,0,1,1,2,0,0,0,0,0,0.55,0.61,0.59,0.56
5/17/26,MIN,MIL,5,4,9,1,1,1,1,4,3,7,1,1,0,1,1,0.48,0.52,0.52,0.48
5/17/26,LAA,LAD,1,10,11,0,1,0,1,1,7,8,0,0,0,0,0,0.53,0.66,0.63,0.57
5/17/26,DET,TOR,1,4,5,0,0,1,0,0,4,4,0,0,2,2,1,0.48,0.44,0.45,0.47
5/17/26,COL,AZ,6,8,14,0,1,0,1,2,7,9,0,0,0,0,0,0.38,0.56,0.55,0.52
5/17/26,CLE,CIN,10,3,13,1,1,1,1,6,2,8,1,2,0,2,1,0.58,0.55,0.54,0.52
5/17/26,CWS,CHC,9,8,17,1,1,1,1,4,4,8,0,0,3,3,1,0.36,0.73,0.67,0.57
5/17/26,ATL,BOS,8,1,9,1,1,1,1,7,0,7,1,3,0,3,1,0.55,0.56,0.55,0.52
5/17/26,ATH,SF,1,10,11,0,1,0,0,1,2,3,0,0,0,0,0,0.6,0.6,0.58,0.54
5/18/26,WSH,NYM,7,16,23,0,1,0,1,3,4,7,0,0,0,0,0,0.37,0.63,0.61,0.58
5/18/26,TB,BAL,16,6,22,1,1,1,1,12,4,16,1,1,0,1,1,0.64,0.36,0.41,0.48
5/18/26,SEA,CWS,6,1,7,1,0,1,0,2,0,2,1,1,0,1,1,0.62,0.46,0.48,0.49
5/18/26,PHI,CIN,5,4,9,1,1,1,0,2,2,4,0,2,0,2,1,0.46,0.68,0.63,0.57
5/18/26,NYY,TOR,7,6,13,1,1,1,1,3,4,7,0,1,0,1,1,0.64,0.63,0.61,0.56
5/18/26,MIN,HOU,6,3,9,1,1,0,0,3,0,3,1,0,0,0,0,0.44,0.49,0.49,0.49
5/18/26,MIA,ATL,12,0,12,1,1,0,1,12,0,12,1,0,0,0,0,0.53,0.52,0.52,0.5
5/18/26,KC,BOS,1,3,4,0,0,0,0,0,0,0,0,0,0,0,0,0.44,0.42,0.44,0.48
5/18/26,DET,CLE,2,8,10,0,1,1,1,1,4,5,0,1,0,1,1,0.59,0.53,0.54,0.51
5/18/26,COL,TEX,7,6,13,1,1,1,1,6,2,8,1,2,0,2,1,0.3,0.56,0.55,0.51
5/18/26,CHC,MIL,3,9,12,0,1,0,1,3,8,11,0,0,0,0,0,0.59,0.63,0.6,0.54
5/18/26,AZ,SF,12,2,14,1,1,1,1,12,2,14,1,4,0,4,1,0.54,0.53,0.53,0.51
5/19/26,WSH,NYM,9,6,15,1,1,1,1,9,5,14,1,0,3,3,1,0.45,0.51,0.5,0.52
5/19/26,TB,BAL,4,1,5,1,0,1,0,1,1,2,0,1,1,2,1,0.59,0.32,0.36,0.43
5/19/26,STL,PIT,9,6,15,1,1,0,1,3,4,7,0,0,0,0,0,0.49,0.44,0.45,0.47
5/19/26,SEA,CWS,1,2,3,0,0,1,0,1,0,1,1,1,0,1,1,0.57,0.58,0.56,0.52
5/19/26,SD,LAD,4,5,9,0,1,1,1,4,3,7,1,2,2,4,1,0.37,0.76,0.7,0.61
5/19/26,PHI,CIN,1,4,5,0,0,0,0,1,2,3,0,0,0,0,0,0.45,0.4,0.41,0.46
5/19/26,NYY,TOR,5,4,9,1,1,0,1,5,3,8,1,0,0,0,0,0.56,0.56,0.55,0.55
5/19/26,MIN,HOU,1,2,3,0,0,1,0,0,2,2,0,0,2,2,1,0.73,0.54,0.55,0.53
5/19/26,MIA,ATL,4,8,12,0,1,1,1,4,3,7,1,3,2,5,1,0.53,0.5,0.5,0.48
5/19/26,LAA,ATH,6,14,20,0,1,0,1,4,6,10,0,0,0,0,0,0.63,0.65,0.63,0.56
5/19/26,KC,BOS,1,7,8,0,0,1,0,1,2,3,0,1,1,2,1,0.41,0.42,0.44,0.46
5/19/26,DET,CLE,3,4,7,0,0,0,1,3,3,6,0,0,0,0,0,0.45,0.53,0.53,0.51
5/19/26,COL,TEX,0,10,10,0,1,1,1,0,8,8,0,0,2,2,1,0.39,0.53,0.5,0.49
5/19/26,CHC,MIL,2,5,7,0,0,1,0,0,3,3,0,0,1,1,1,0.61,0.44,0.46,0.46
5/19/26,AZ,SF,5,3,8,1,0,1,0,1,3,4,0,1,0,1,1,0.39,0.5,0.51,0.5
5/20/26,WSH,NYM,8,4,12,1,1,1,1,4,2,6,1,3,0,3,1,0.44,0.61,0.59,0.56
5/20/26,TB,BAL,5,3,8,1,0,0,0,1,1,2,0,0,0,0,0,0.5,0.47,0.49,0.49
5/20/26,STL,PIT,0,7,7,0,0,0,0,0,2,2,0,0,0,0,0,0.46,0.43,0.43,0.47
5/20/26,SEA,CWS,5,4,9,1,1,0,0,2,2,4,0,0,0,0,0,0.58,0.54,0.54,0.51
5/20/26,SD,LAD,0,4,4,0,0,1,0,0,3,3,0,0,1,1,1,0.32,0.69,0.64,0.57
5/20/26,PHI,CIN,4,9,13,0,1,1,1,1,4,5,0,1,0,1,1,0.47,0.57,0.56,0.55
5/20/26,NYY,TOR,1,2,3,0,0,0,0,0,0,0,0,0,0,0,0,0.56,0.54,0.54,0.53
5/20/26,MIN,HOU,4,1,5,1,0,0,1,4,1,5,1,0,0,0,0,0.64,0.45,0.47,0.51
5/20/26,MIA,ATL,1,9,10,0,1,1,0,1,3,4,0,1,0,1,1,0.34,0.37,0.4,0.45
5/20/26,LAA,ATH,5,6,11,0,1,1,1,5,3,8,1,2,2,4,1,0.44,0.78,0.71,0.61
5/20/26,KC,BOS,3,4,7,0,0,1,1,3,2,5,1,1,0,1,1,0.52,0.47,0.48,0.48
5/20/26,DET,CLE,2,3,5,0,0,0,0,0,0,0,0,0,0,0,0,0.5,0.46,0.47,0.49
5/20/26,COL,TEX,4,5,9,0,1,1,1,4,3,7,1,1,0,1,1,0.36,0.54,0.52,0.52
5/20/26,CHC,MIL,0,5,5,0,0,0,0,0,4,4,0,0,0,0,0,0.52,0.55,0.54,0.5
5/20/26,AZ,SF,6,3,9,1,1,1,1,6,3,9,1,1,1,2,1,0.42,0.43,0.44,0.46
5/21/26,WSH,NYM,1,2,3,0,0,0,0,1,2,3,0,0,0,0,0,0.47,0.49,0.49,0.49
5/21/26,STL,PIT,2,6,8,0,0,1,0,1,2,3,0,0,1,1,1,0.43,0.4,0.41,0.46
5/21/26,NYY,TOR,0,2,2,0,0,1,0,0,1,1,0,0,1,1,1,0.57,0.61,0.6,0.56
5/21/26,MIA,ATL,3,9,12,0,1,1,1,2,5,7,0,0,2,2,1,0.39,0.44,0.45,0.47
5/21/26,LAA,ATH,2,3,5,0,0,1,0,2,0,2,1,2,0,2,1,0.5,0.6,0.58,0.54
5/21/26,DET,CLE,1,3,4,0,0,0,0,0,2,2,0,0,0,0,0,0.53,0.5,0.52,0.5
5/21/26,AZ,COL,2,1,3,1,0,0,0,0,0,0,0,0,0,0,0,0.59,0.43,0.46,0.48
5/22/26,TOR,PIT,6,2,8,1,0,1,0,3,1,4,1,0,1,1,1,0.6,0.51,0.51,0.51
5/22/26,SF,CWS,4,9,13,0,1,0,1,3,9,12,0,0,0,0,0,0.43,0.52,0.52,0.5
5/22/26,SD,ATH,7,3,10,1,1,1,1,3,3,6,0,2,2,4,1,0.41,0.66,0.63,0.56
5/22/26,PHI,CLE,0,1,1,0,0,0,0,0,0,0,0,0,0,0,0,0.64,0.41,0.45,0.47
5/22/26,NYY,TB,2,4,6,0,0,0,0,1,0,1,1,0,0,0,0,0.57,0.54,0.54,0.54
5/22/26,MIL,LAD,5,1,6,1,0,1,1,5,0,5,1,4,0,4,1,0.5,0.58,0.55,0.53
5/22/26,MIA,NYM,2,1,3,1,0,1,0,2,1,3,1,0,1,1,1,0.44,0.56,0.55,0.51
5/22/26,LAA,TEX,9,6,15,1,1,1,1,6,3,9,1,4,0,4,1,0.52,0.54,0.54,0.52
5/22/26,KC,SEA,0,2,2,0,0,0,0,0,0,0,0,0,0,0,0,0.49,0.46,0.47,0.48
5/22/26,CHC,HOU,2,4,6,0,0,0,0,0,4,4,0,0,0,0,0,0.54,0.7,0.66,0.58
5/22/26,BOS,MIN,6,8,14,0,1,1,1,6,3,9,1,4,0,4,1,0.61,0.42,0.45,0.47
5/22/26,BAL,DET,7,4,11,1,1,1,1,6,4,10,1,0,1,1,1,0.47,0.59,0.57,0.54
5/22/26,ATL,WSH,5,4,9,1,1,0,0,0,0,0,0,0,0,0,0,0.54,0.45,0.47,0.5
5/22/26,AZ,COL,2,3,5,0,0,0,0,2,1,3,1,0,0,0,0,0.61,0.51,0.51,0.51
5/23/26,TOR,PIT,5,2,7,1,0,1,0,1,0,1,1,1,0,1,1,0.32,0.43,0.44,0.46
5/23/26,SF,CWS,10,3,13,1,1,0,1,9,3,12,1,0,0,0,0,0.4,0.52,0.51,0.5
5/23/26,PHI,CLE,3,0,3,1,0,0,0,2,0,2,1,0,0,0,0,0.71,0.52,0.54,0.53
5/23/26,MIL,LAD,3,11,14,0,1,1,1,3,4,7,0,3,0,3,1,0.46,0.69,0.65,0.56
5/23/26,MIA,NYM,4,1,5,1,0,0,0,4,0,4,1,0,0,0,0,0.46,0.46,0.47,0.47
5/23/26,LAA,TEX,5,2,7,1,0,1,0,3,1,4,1,2,0,2,1,0.33,0.64,0.61,0.55
5/23/26,KC,SEA,5,0,5,1,0,1,0,4,0,4,1,3,0,3,1,0.38,0.47,0.46,0.47
5/23/26,CHC,HOU,0,3,3,0,0,1,0,0,3,3,0,0,2,2,1,0.6,0.63,0.61,0.54
5/23/26,BOS,MIN,2,4,6,0,0,1,1,1,4,5,0,0,2,2,1,0.53,0.38,0.41,0.46
5/23/26,ATL,WSH,0,2,2,0,0,0,0,0,2,2,0,0,0,0,0,0.61,0.61,0.6,0.58
5/23/26,AZ,COL,5,4,9,1,1,0,1,5,2,7,1,0,0,0,0,0.66,0.48,0.5,0.52
5/24/26,TOR,PIT,1,4,5,0,0,1,0,1,2,3,0,0,1,1,1,0.56,0.49,0.49,0.49
5/24/26,SF,CWS,8,5,13,1,1,1,1,8,4,12,1,2,1,3,1,0.49,0.5,0.5,0.49
5/24/26,PHI,CLE,1,3,4,0,0,0,0,0,1,1,0,0,0,0,0,0.43,0.63,0.6,0.56
5/24/26,NYY,TB,2,0,2,1,0,0,0,0,0,0,0,0,0,0,0,0.57,0.58,0.59,0.59
5/24/26,MIL,LAD,1,5,6,0,0,0,1,1,5,6,0,0,0,0,0,0.32,0.59,0.56,0.54
5/24/26,MIA,NYM,4,0,4,1,0,0,0,0,0,0,0,0,0,0,0,0.53,0.47,0.48,0.48
5/24/26,LAA,TEX,2,1,3,1,0,0,0,1,1,2,0,0,0,0,0,0.49,0.45,0.46,0.48
5/24/26,KC,SEA,8,6,14,1,1,1,1,4,1,5,1,0,1,1,1,0.36,0.45,0.46,0.47
5/24/26,BOS,MIN,5,6,11,0,1,1,1,4,3,7,1,0,1,1,1,0.58,0.34,0.37,0.44
5/24/26,ATL,WSH,1,2,3,0,0,0,0,0,1,1,0,0,0,0,0,0.5,0.51,0.5,0.51
5/24/26,AZ,COL,9,1,10,1,1,1,1,7,0,7,1,2,0,2,1,0.62,0.46,0.49,0.5
5/25/26,TOR,MIA,2,8,10,0,1,1,0,1,2,3,0,0,1,1,1,0.53,0.43,0.46,0.46
5/25/26,TEX,HOU,0,9,9,0,1,1,0,0,4,4,0,0,1,1,1,0.5,0.45,0.45,0.48
5/25/26,SF,AZ,2,6,8,0,0,0,1,2,4,6,0,0,0,0,0,0.58,0.38,0.41,0.45
5/25/26,SD,PHI,0,3,3,0,0,1,0,0,1,1,0,0,1,1,1,0.36,0.58,0.56,0.54
5/25/26,PIT,CHC,2,1,3,1,0,0,0,1,1,2,0,0,0,0,0,0.41,0.37,0.38,0.43
5/25/26,NYM,CIN,2,7,9,0,1,0,1,0,7,7,0,0,0,0,0,0.51,0.58,0.56,0.52
5/25/26,MIL,STL,5,1,6,1,0,1,0,3,0,3,1,3,0,3,1,0.57,0.48,0.49,0.51
5/25/26,LAD,COL,5,3,8,1,0,0,0,1,2,3,0,0,0,0,0,0.7,0.66,0.65,0.59
5/25/26,KC,NYY,3,4,7,0,0,0,0,1,2,3,0,0,0,0,0,0.41,0.53,0.52,0.52
5/25/26,CLE,WSH,2,10,12,0,1,1,1,2,8,10,0,0,3,3,1,0.62,0.51,0.53,0.52
5/25/26,CWS,MIN,3,1,4,1,0,1,0,3,1,4,1,1,1,2,1,0.4,0.49,0.49,0.49
5/25/26,BAL,TB,9,7,16,1,1,0,0,0,0,0,0,0,0,0,0,0.43,0.37,0.39,0.47
5/25/26,ATH,SEA,2,9,11,0,1,0,1,0,7,7,0,0,0,0,0,0.45,0.65,0.61,0.56
