#,Name,Team,W,L,ERA,G,GS,IP,TBF,H,R,ER,HR,BB,IBB,HBP,SO
1,Logan Webb,SFG,15,9,3.06,32,32,200,817,183,74,68,15,41,1,5,190
2,Paul Skenes,PIT,12,7,2.8,32,32,180.1,721,143,61,56,16,47,0,6,205
3,Freddy Peralta,NYM,12,10,3.86,31,31,161,668,133,75,69,21,61,0,7,175
4,Brady Singer,CIN,11,12,4.44,31,31,164.1,703,156,88,81,22,54,0,11,156
5,Tarik Skubal,DET,13,5,2.54,30,30,184.1,719,141,56,52,16,33,0,6,227
6,Dylan Cease,TOR,11,8,3.61,30,30,164.2,688,136,71,66,19,63,2,4,192
7,Andrew Abbott,CIN,9,7,3.92,30,30,165.1,693,158,78,72,20,48,0,4,149
8,Brayan Bello,BOS,11,10,4,31,30,162,694,155,78,72,17,56,0,9,138
9,Zac Gallen,ARI,14,10,3.86,30,30,175,729,159,81,75,23,56,0,6,159
10,Garrett Crochet,BOS,14,6,2.83,29,29,174.2,712,145,59,55,17,46,1,4,215
11,Cristopher Sánchez,PHI,10,6,3.22,29,29,178.2,732,161,69,64,16,42,0,6,175
12,MacKenzie Gore,TEX,10,9,3.96,29,29,157,669,136,75,69,17,59,0,9,177
13,Logan Gilbert,SEA,9,6,3.42,30,29,160.2,648,134,66,61,21,40,1,5,174
14,Brandon Pfaadt,ARI,10,9,4.11,29,29,159.2,672,157,79,73,21,36,1,8,147
15,Mitch Keller,PIT,9,10,4.02,29,29,161,689,158,78,72,20,49,0,10,142
16,Jake Irvin,WSN,7,11,4.89,29,29,156.1,673,160,92,85,26,52,0,7,117
17,Yoshinobu Yamamoto,LAD,13,7,3.36,28,28,169,666,130,68,63,18,43,0,5,182
18,Hunter Brown,HOU,13,6,3.02,30,28,166.2,685,135,61,56,15,55,0,6,180
19,Max Fried,NYY,13,8,3.4,28,28,172,705,149,70,65,15,49,1,6,156
20,Jesús Luzardo,PHI,11,9,3.91,28,28,161,669,143,76,70,21,49,0,4,180
21,Joe Ryan,MIN,11,9,3.78,28,28,154.2,629,134,70,65,22,36,0,9,168
22,Kevin Gausman,TOR,11,9,3.78,28,28,162,676,152,74,68,21,46,1,2,158
23,Tanner Bibee,CLE,11,9,3.65,28,28,165,686,150,72,67,21,46,0,7,154
24,Drew Rasmussen,TBR,8,6,3.61,29,28,137.1,554,122,59,55,16,35,1,4,116
25,Jack Leiter,TEX,10,9,4.04,28,28,149.1,623,126,72,67,18,58,0,5,141
26,Taj Bradley,MIN,7,8,4.2,28,28,148,626,139,75,69,19,51,0,4,138
27,Gavin Williams,CLE,9,7,3.61,28,28,149.2,629,127,65,60,18,60,0,6,154
28,Michael McGreevy,STL,10,9,3.92,29,28,154,645,155,72,67,18,36,0,3,111
29,Shane Smith,CHW,7,7,4.06,28,28,141.2,591,119,69,64,17,53,1,13,136
30,Yusei Kikuchi,LAA,7,8,4.37,29,28,148.1,649,150,78,72,22,57,1,4,151
31,JP Sears,SDP,8,11,4.74,28,28,144.1,610,139,82,76,27,43,0,9,125
32,Bryan Woo,SEA,11,8,3.35,28,27,161.1,640,132,65,60,19,33,1,8,165
33,Ranger Suarez,BOS,12,8,3.53,28,27,155.2,659,152,66,61,14,46,1,4,135
34,Framber Valdez,DET,12,9,3.64,27,27,173,727,156,76,70,15,59,0,8,152
35,George Kirby,SEA,11,7,3.6,27,27,147.2,606,136,64,59,17,28,0,6,145
36,Sonny Gray,BOS,10,8,3.77,27,27,152.2,643,147,69,64,19,42,0,5,157
37,Bailey Ober,MIN,7,8,4.18,27,27,148.2,613,143,75,69,23,34,0,6,131
38,Luis Castillo,SEA,10,8,3.86,28,27,160.2,668,149,75,69,23,46,1,6,148
39,Will Warren,NYY,8,7,4.37,28,27,138,591,128,72,67,18,50,0,6,136
40,Shane Baz,BAL,9,9,4.2,27,27,141.1,597,128,71,66,19,49,0,8,140
41,Merrill Kelly,ARI,10,7,3.8,27,27,154,641,147,70,65,21,45,0,2,132
42,Ryan Pepiot,TBR,10,9,4.05,27,27,144.1,597,122,70,65,21,53,0,8,142
43,Chris Bassitt,BAL,9,10,4.23,31,27,155.1,674,155,79,73,20,54,1,11,139
44,Bryce Elder,ATL,9,9,4.32,27,27,152,649,148,79,73,18,50,1,6,128
45,Noah Cameron,KCR,8,8,4.19,27,27,141.2,599,137,71,66,20,44,0,5,121
46,Robbie Ray,SFG,8,8,3.97,27,27,147.1,620,134,70,65,21,53,0,6,145
47,Lucas Giolito,SDP,7,8,4.65,27,27,137.1,597,138,77,71,21,53,1,4,123
48,Jacob deGrom,TEX,10,7,3.48,26,26,144.2,573,119,61,56,20,35,0,2,155
49,Sandy Alcantara,MIA,10,9,4.04,26,26,160.1,663,148,78,72,17,44,1,6,132
50,David Peterson,NYM,7,7,4.09,27,26,145.1,633,140,71,66,13,57,1,7,132
51,Michael Wacha,KCR,9,10,4.21,26,26,145.1,610,141,74,68,18,43,0,4,115
52,Jack Flaherty,DET,10,9,4.17,27,26,140.1,599,126,70,65,19,52,1,7,156
53,Nick Pivetta,SDP,9,8,3.95,28,26,155,632,132,74,68,25,46,1,4,166
54,Bubba Chandler,PIT,7,8,3.91,28,26,129,553,115,61,56,14,50,0,10,125
55,Zack Littell,WSN,8,8,4.23,29,26,153.1,645,161,78,72,23,31,1,6,115
56,Eury Pérez,MIA,7,7,4.1,26,26,109.2,450,93,54,50,15,38,0,3,114
57,Nolan McLean,NYM,10,8,3.94,28,26,144,619,127,68,63,16,56,0,13,143
58,Brandon Sproat,MIL,7,7,4.21,27,26,124,533,113,63,58,14,46,0,9,111
59,Dean Kremer,BAL,9,9,4.29,27,26,147,623,144,76,70,21,47,0,4,125
60,Kyle Freeland,COL,7,11,4.84,26,26,135.2,595,155,79,73,20,36,1,5,101
61,Mitchell Parker,WSN,8,12,4.7,29,26,141.2,616,146,80,74,17,53,0,2,103
62,Logan Allen,CLE,8,9,4.31,27,26,140,610,140,72,67,19,54,0,5,118
63,Chase Petty,CIN,7,12,5.4,27,26,118.1,526,122,77,71,17,52,0,5,88
64,Kade Morris,ATH,8,10,4.75,27,26,136.1,597,142,78,72,19,43,0,12,94
65,Tanner McDougal,CHW,3,5,4.89,26,26,101.1,453,100,59,55,14,46,0,8,89
66,Pablo López,MIN,10,7,3.69,25,25,141.1,589,131,63,58,16,37,0,6,141
67,Corbin Burnes,ARI,11,6,3.19,25,25,155,634,132,59,55,15,48,0,6,144
68,Trevor Rogers,BAL,7,7,3.99,25,25,130.2,550,124,63,58,15,40,0,5,114
69,Cam Schlittler,NYY,9,8,4,27,25,128.1,546,114,62,57,16,46,0,6,132
70,Nick Lodolo,CIN,7,8,4.31,26,25,133.2,567,122,69,64,18,36,1,18,137
71,Jeffrey Springs,ATH,9,9,4.2,27,25,141.1,596,137,71,66,20,46,0,2,122
72,Matthew Boyd,CHC,9,8,3.98,25,25,138,577,129,66,61,18,39,0,6,124
73,Simeon Woods Richardson,MIN,6,6,4.16,27,25,127.2,541,120,64,59,16,46,0,3,115
74,Jonah Tong,NYM,9,8,4.09,26,25,116.2,501,103,57,53,15,48,0,2,131
75,Robby Snelling,MIA,8,7,4.1,25,25,123,531,120,61,56,15,42,0,3,113
76,Trey Yesavage,TOR,4,3,3.89,28,25,108.2,453,88,51,47,12,47,0,2,116
77,Casey Mize,DET,7,8,4.17,25,25,125.1,536,124,63,58,17,37,0,5,111
78,Shota Imanaga,CHC,8,7,4.01,25,25,137,558,126,66,61,24,30,0,4,127
79,Cade Horton,CHC,8,7,3.91,26,25,124.1,511,108,58,54,16,37,0,5,111
80,Chad Patrick,MIL,7,7,4.42,31,25,136.1,578,127,72,67,21,45,1,6,132
81,Kodai Senga,NYM,8,7,3.75,25,25,127.1,538,109,57,53,15,57,0,4,126
82,Edward Cabrera,CHC,8,6,3.9,25,25,129.1,541,106,61,56,17,51,0,8,139
83,Parker Messick,CLE,7,7,3.99,26,25,124,531,117,59,55,17,41,0,8,118
84,Andrew Alvarez,WSN,5,7,4.5,27,25,124,546,128,67,62,15,48,0,6,94
85,Justin Verlander,DET,6,8,4.61,25,25,132.2,570,132,74,68,21,46,0,5,113
86,Hurston Waldrep,ATL,10,9,4.27,26,25,130.2,570,124,67,62,15,56,1,5,117
87,Mason Barnett,ATH,5,6,4.69,27,25,128.2,567,126,72,67,17,55,0,8,110
88,Konner Eaton,COL,6,8,4.9,26,25,125,560,132,74,68,17,47,1,12,101
89,Thomas White,MIA,4,5,4.26,25,25,101.1,450,91,52,48,12,50,0,8,106
90,Jameson Taillon,CHC,8,8,4.49,25,25,132.1,553,132,71,66,23,33,0,3,103
91,Randy Vásquez,SDP,6,7,4.68,26,25,125,544,126,70,65,17,45,1,9,86
92,Wilber Dotel,PIT,6,9,4.59,25,25,111.2,493,115,62,57,15,42,0,7,86
93,Andrew Heaney,,7,8,4.91,28,25,122.2,542,130,72,67,21,42,0,9,103
94,Hagen Smith,CHW,3,5,4.84,25,25,89.1,395,82,52,48,12,43,0,11,86
95,Miles Mikolas,WSN,6,10,5.16,25,25,129,557,146,80,74,23,32,0,4,85
96,Walbert Ureña,LAA,5,8,5.26,25,25,118,536,122,75,69,16,60,0,8,87
97,Hunter Greene,CIN,8,6,3.61,24,24,137,550,101,59,55,16,43,0,13,159
98,Spencer Strider,ATL,11,9,3.8,25,24,137.1,573,117,63,58,17,45,0,6,166
99,Aaron Nola,PHI,9,8,4.17,24,24,140.1,582,133,70,65,20,34,0,4,140
100,Justin Steele,CHC,8,5,3.52,24,24,130.1,541,119,55,51,14,35,0,4,121
101,José Soriano,LAA,9,8,4.05,30,24,142.1,616,126,69,64,11,63,1,11,134
102,Clay Holmes,NYM,10,8,3.83,28,24,136.1,592,136,63,58,11,46,1,8,112
103,Carlos Rodón,NYY,10,8,4.04,24,24,129.1,543,113,63,58,16,47,0,5,131
104,Drew Anderson,DET,8,8,4.15,26,24,132.1,563,118,66,61,19,48,1,7,149
105,Luis Severino,ATH,7,9,4.39,24,24,139.1,596,137,74,68,17,43,1,10,113
106,Matthew Liberatore,STL,8,9,4.02,31,24,132,559,126,64,59,15,40,1,6,114
107,Cade Povich,BAL,7,7,4.3,26,24,125.2,539,120,65,60,17,47,1,3,122
108,Gage Jump,ATH,8,8,4.13,26,24,109,463,103,54,50,14,33,1,6,98
109,Mick Abel,MIN,7,8,4.19,26,24,122.1,528,115,62,57,15,48,0,5,118
110,Lucas Braun,ATL,6,6,4.29,25,24,130,554,130,67,62,18,36,0,4,110
111,Stephen Kolek,KCR,7,7,4.23,29,24,129.2,562,130,66,61,12,42,1,10,90
112,Andre Pallante,STL,8,9,4.24,32,24,135.2,588,135,69,64,12,52,0,4,97
113,Eduardo Rodriguez,ARI,8,8,4.13,24,24,130.2,562,131,65,60,19,46,1,2,118
114,Davis Martin,CHW,6,8,4.42,25,24,124.1,531,122,66,61,16,42,1,6,99
115,Elmer Rodríguez,NYY,8,9,4.61,25,24,127,551,120,70,65,17,53,0,3,111
116,Duncan Davitt,CHW,5,9,4.75,26,24,125,543,130,71,66,18,38,0,8,96
117,Andrew Painter,PHI,5,7,4.76,24,24,109.2,475,106,63,58,17,43,0,1,107
118,Carson Whisenhunt,SFG,6,7,4.41,24,24,112.1,488,113,59,55,14,40,0,4,90
119,Bailey Falter,KCR,6,7,4.45,26,24,119.1,504,117,64,59,16,39,0,2,85
120,JR Ritchie,ATL,6,7,4.35,24,24,118,505,110,62,57,15,43,0,9,104
121,Austin Peterson,CLE,6,8,4.35,25,24,126.1,541,134,66,61,19,31,0,5,92
122,Logan Workman,TBR,6,8,4.78,25,24,124.1,533,128,71,66,20,37,0,4,95
123,Patrick Corbin,TOR,6,9,5.2,24,24,124.2,558,139,78,72,19,45,1,3,102
124,Henry Baez,ATH,4,5,4.46,24,24,105,462,107,56,52,13,38,0,8,75
125,Tomoyuki Sugano,COL,7,10,4.89,24,24,130.2,573,156,77,71,23,32,1,4,80
126,Grant Rogers,TOR,8,9,4.79,24,24,127.2,560,139,74,68,18,34,0,9,77
127,Michael Lorenzen,COL,6,9,4.93,25,24,127.2,555,134,76,70,21,48,0,5,97
128,Quinn Mathews,STL,5,6,4.35,24,24,101.1,450,92,53,49,12,54,0,6,101
129,Cal Quantrill,TEX,6,9,5.13,24,24,119.1,517,121,74,68,18,40,0,7,88
130,Antwone Kelly,PIT,3,4,4.55,24,24,97,427,101,53,49,13,37,0,2,74
131,Brycen Mautz,STL,5,7,4.63,24,24,105,460,105,58,54,14,39,0,7,86
132,Dylan Ray,ARI,7,8,4.5,24,24,116,509,120,63,58,15,42,0,6,87
133,Brody Hopkins,TBR,5,6,4.8,24,24,105,466,99,61,56,14,49,0,12,92
134,Aaron Wilkerson,,4,6,4.8,24,24,123.2,535,142,71,66,21,27,0,2,81
135,Fernando Perez,TOR,5,6,4.87,24,24,105.1,455,111,62,57,17,31,0,4,70
136,Jack Kochanowicz,LAA,6,9,5.16,25,24,125.2,557,134,78,72,17,46,2,11,79
137,Spencer Giesting,ARI,8,8,4.5,24,24,126,559,127,68,63,17,52,0,10,103
138,Jackson Ferris,LAD,7,8,5.17,25,24,118.1,529,117,74,68,18,55,0,9,101
139,Alex Clemmey,WSN,4,7,5.29,24,24,103.2,472,102,66,61,14,62,0,5,90
140,Max Rajcic,STL,5,7,5,24,24,113.1,498,119,68,63,17,40,0,9,75
141,Patrick Copen,LAD,4,6,5.58,24,24,98.1,455,94,66,61,14,63,0,10,90
142,Jacob Misiorowski,MIL,8,6,3.86,26,23,116.2,493,91,54,50,14,50,0,9,141
143,Quinn Priester,MIL,9,7,4.09,28,23,143,608,133,70,65,17,48,0,7,123
144,Bryce Miller,SEA,7,6,4.01,23,23,123.1,508,110,59,55,16,36,1,5,109
145,Mike Burrows,HOU,4,4,3.91,28,23,112.2,471,99,53,49,16,39,1,4,115
146,Ryne Nelson,ARI,7,5,3.88,29,23,139.1,578,132,65,60,19,37,1,4,117
147,Ryan Weiss,HOU,8,9,4.17,26,23,136,584,124,68,63,19,52,0,9,136
148,Rhett Lowder,CIN,5,7,4.6,23,23,107.2,460,107,59,55,14,33,0,5,85
149,Joe Boyle,TBR,7,8,4.2,27,23,113.2,497,93,57,53,12,64,0,7,127
150,Kyle Harrison,MIL,5,4,4.26,27,23,112,479,98,57,53,16,44,0,7,122
151,Adam Mazur,MIA,7,8,4.44,25,23,119.2,515,124,64,59,16,36,0,3,89
152,Colton Gordon,HOU,6,7,4.35,27,23,122,524,123,64,59,19,37,1,6,103
153,Seth Lugo,KCR,7,8,4.31,25,23,133.2,571,133,69,64,20,44,1,5,111
154,Tanner Gordon,COL,6,10,5.19,23,23,112.2,489,130,70,65,20,26,0,2,82
155,Jonathan Cannon,CHW,6,11,4.84,27,23,130.1,569,136,76,70,19,45,0,7,98
156,Chris Paddack,CIN,6,7,4.69,26,23,124.2,532,131,70,65,21,32,0,3,99
157,Daniel Eagen,ARI,8,7,4.09,23,23,107.2,465,101,53,49,13,47,0,1,95
158,George Klassen,LAA,6,9,4.73,23,23,102.2,449,99,58,54,14,42,0,7,94
159,Jose Quintana,COL,7,9,4.72,24,23,122,545,133,69,64,15,53,0,5,79
160,Chase Dollander,COL,5,9,5.07,23,23,108.1,481,108,66,61,15,47,0,10,95
161,Emerson Hancock,SEA,6,6,4.38,28,23,121.1,520,119,64,59,17,39,0,7,99
162,Connor Prielipp,MIN,5,4,4.2,24,23,79.1,351,78,40,37,10,30,0,6,74
163,Juaron Watts-Brown,BAL,5,6,4.68,23,23,105.2,463,103,59,55,15,45,0,4,98
164,Kyle Hendricks,,5,9,5.16,24,23,122,532,136,76,70,20,36,1,4,85
165,Riley Gowens,CHW,5,7,4.81,23,23,110.1,479,110,64,59,18,41,0,5,98
166,Ryan Bergert,KCR,3,4,4.56,26,23,102.2,446,100,56,52,13,42,0,3,84
167,Noah Schultz,CHW,4,5,4.75,23,23,91,406,88,52,48,11,41,0,10,80
168,Mason Black,KCR,5,7,4.87,27,23,109,484,109,64,59,15,47,0,8,89
169,Logan Evans,SEA,6,7,4.39,26,23,112.2,487,113,59,55,15,37,1,6,87
170,Josh Hartle,CLE,6,7,4.41,23,23,102,448,102,54,50,13,36,0,10,77
171,Germán Márquez,SDP,6,10,5.08,23,23,118.2,517,123,72,67,19,42,1,4,93
172,Caden Dana,LAA,7,11,4.91,24,23,117.1,511,112,69,64,18,51,0,7,108
173,Joe Whitman,SFG,6,8,4.72,23,23,103,457,108,58,54,13,38,0,5,77
174,Tyler Anderson,LAA,5,8,4.85,24,23,126.1,550,129,74,68,21,51,2,5,98
175,Pete Hansen,STL,5,7,4.69,23,23,119,521,129,67,62,18,36,0,5,83
176,McCade Brown,COL,3,6,5.19,23,23,85,379,86,53,49,14,36,0,7,81
177,Yu-Min Lin,ARI,6,5,4.4,23,23,104.1,469,107,55,51,12,44,0,8,79
178,C.J. Culpepper,MIN,3,3,4.83,23,23,72.2,328,73,42,39,8,34,0,6,56
179,Josiah Gray,WSN,6,8,4.82,23,23,117.2,513,114,68,63,20,50,0,7,107
180,Sam Aldegheri,LAA,6,10,5.34,24,23,123,553,128,79,73,19,56,0,9,95
181,John Michael Bertrand,SFG,7,9,4.7,25,23,120.2,537,138,68,63,16,40,0,3,69
182,Kyle Carr,NYY,5,8,5.25,23,23,106.1,478,110,67,62,15,50,0,3,72
183,Riley Cornelio,WSN,5,8,5.09,23,23,106,477,115,65,60,16,47,0,3,79
184,Karson Milbrandt,MIA,3,5,4.98,23,23,90.1,410,89,54,50,12,48,0,7,76
185,Po-Yu Chen,PIT,6,8,4.91,26,23,106.1,479,116,63,58,15,42,0,9,71
186,Alejandro Hidalgo,MIN,3,5,5.4,23,23,81.2,373,84,53,49,13,42,0,4,71
187,Michael Prosecky,COL,5,10,5.63,23,23,100.2,459,109,68,63,17,48,0,9,76
188,Bradley Blalock,MIA,4,8,5.22,25,23,110.1,492,120,69,64,17,45,0,3,73
189,Jagger Haynes,SDP,3,4,5.15,24,23,94.1,429,95,58,54,14,49,0,6,75
190,Alexander Cornielle,NYY,4,8,5.68,24,23,109.1,493,111,75,69,17,53,0,9,78
191,Mason Albright,COL,4,9,5.9,24,23,106.2,480,126,76,70,20,38,0,3,60
192,Roman Angelo,ARI,5,7,4.92,23,23,109.2,503,113,65,60,15,55,0,12,84
193,Zebby Matthews,MIN,7,6,3.95,23,22,111.2,475,110,53,49,15,28,0,2,116
194,Tatsuya Imai,HOU,6,6,3.93,22,22,123.2,516,107,58,54,18,44,0,3,140
195,Michael King,SDP,8,6,3.79,23,22,118.2,504,106,54,50,16,45,1,6,125
196,Reese Olson,DET,6,6,3.87,22,22,107,448,96,50,46,12,36,1,4,101
197,Connelly Early,BOS,8,7,4.05,25,22,109,470,99,53,49,12,40,0,11,110
198,Cody Ponce,TOR,7,7,4.18,23,22,129.1,542,119,65,60,19,40,0,5,126
199,Luis Morales,ATH,7,8,4.26,30,22,120.1,513,111,62,57,16,47,0,3,110
200,Zach Eflin,BAL,8,8,4.17,22,22,121,500,124,61,56,19,22,0,2,95
201,Mitch Bratt,ARI,6,5,3.9,23,22,113,482,113,53,49,15,28,0,5,98
202,Cade Cavalli,WSN,6,6,4.37,22,22,101,439,96,53,49,11,37,1,10,89
203,Didier Fuentes,ATL,7,7,4.22,22,22,91.2,395,87,46,43,13,29,0,7,89
204,Adrian Houser,SFG,7,7,4.14,25,22,126,545,129,63,58,13,42,0,6,89
205,K.C. Hunt,TBR,7,7,4.47,24,22,104.2,446,100,56,52,15,35,1,2,93
206,Ben Hess,NYY,5,6,4.55,22,22,99,428,88,54,50,13,44,0,5,98
207,Slade Cecconi,CLE,7,7,4.29,26,22,126,529,124,65,60,20,31,1,5,107
208,David Davalillo,TEX,5,5,4.54,23,22,101,436,98,55,51,14,33,0,5,85
209,Sean Burke,CHW,6,9,4.66,27,22,123.2,538,117,69,64,19,55,0,5,119
210,Colin Rea,CHC,7,8,4.47,27,22,133,564,133,71,66,20,38,0,6,102
211,Kendry Rojas,MIN,4,5,4.46,23,22,84.2,376,84,45,42,10,33,0,5,76
212,José Berríos,TOR,7,8,4.44,22,22,123.2,532,125,66,61,20,39,1,7,98
213,Jonathan Santucci,NYM,6,6,4.7,24,22,105.1,456,103,59,55,15,39,0,3,91
214,Mitch Farris,LAA,5,8,5.02,24,22,118.1,523,120,71,66,18,49,0,3,110
215,Jack Wenninger,NYM,7,8,4.66,24,22,117.2,513,119,66,61,17,42,0,5,98
216,Kyle Gibson,,6,8,4.88,22,22,120,533,128,70,65,18,47,0,4,102
217,Landon Knack,LAD,6,8,5.24,26,22,122,529,122,77,71,21,48,0,3,105
218,Gabriel Hughes,COL,4,7,4.98,22,22,94,415,103,56,52,13,34,0,3,64
219,Jackson Kent,WSN,6,9,5,22,22,108,473,111,65,60,16,38,0,5,87
220,Trevor McDonald,SFG,7,8,4.3,28,22,129.2,565,129,67,62,16,43,0,13,103
221,Ixan Henderson,STL,6,8,4.5,23,22,110,484,110,59,55,14,45,0,5,86
222,Chandler Champlain,WSN,5,8,5,25,22,113.1,501,122,68,63,15,40,0,6,76
223,Jarlin Susana,WSN,4,6,4.87,22,22,85,378,79,50,46,10,44,0,6,78
224,Jackson Wolf,SDP,6,7,4.74,25,22,112,485,111,64,59,17,41,0,5,92
225,Erick Fedde,CHW,6,10,5.18,26,22,125,551,135,78,72,20,49,0,3,92
226,Kyle Luckham,WSN,5,7,5.05,24,22,119.1,527,136,72,67,17,34,0,7,65
227,Lucas Gordon,CHW,5,8,5.15,23,22,92.2,414,96,57,53,14,44,0,3,73
228,Jaden Hamm,DET,3,5,5.07,22,22,88.2,392,92,54,50,13,34,0,5,65
229,Charlie Morton,,7,9,4.88,25,22,120,538,117,70,65,18,57,1,12,121
230,Jurrangelo Cijntje,STL,5,6,4.9,25,22,97.1,434,94,57,53,12,43,0,13,79
231,Erick Leal,,6,9,5.37,24,22,107.1,472,106,69,64,18,44,0,9,89
232,Carlos Carrasco,ATL,5,8,5.39,24,22,110.1,502,131,71,66,19,37,0,6,84
233,Eric Yost,SDP,5,8,5.13,23,22,107,486,113,66,61,15,47,0,9,74
234,Anthony Solometo,PIT,4,6,4.85,25,22,72.1,330,74,42,39,8,36,0,9,47
235,Jose Cabrera,ARI,6,7,4.82,23,22,112,502,119,65,60,16,44,0,10,77
236,Cole Ragans,KCR,7,6,3.58,23,21,115.2,480,95,50,46,12,40,0,3,143
237,Chris Sale,ATL,8,5,3.19,22,21,124.1,514,107,48,44,13,33,0,8,147
238,Zack Wheeler,PHI,9,5,3.43,21,21,128.2,524,110,53,49,14,35,0,6,133
239,Chase Burns,CIN,7,6,3.8,27,21,104.1,433,92,48,44,14,29,0,0,122
240,Blake Snell,LAD,8,5,3.56,21,21,106.1,444,83,45,42,12,48,0,2,134
241,Payton Tolle,BOS,5,4,4.11,28,21,103,434,95,51,47,15,30,0,5,109
242,Tylor Megill,NYM,6,6,4.22,21,21,96,418,87,49,45,11,41,0,6,105
243,Clayton Kershaw,,7,5,4.21,24,21,109,459,106,55,51,13,35,1,3,84
244,Brendan Beck,NYY,8,8,4.41,23,21,110.1,462,108,58,54,16,29,0,4,86
245,Chen Zhong-Ao Zhuang,ATH,6,8,4.61,24,21,121,514,126,67,62,19,28,0,4,91
246,Hunter Barco,PIT,3,3,4.15,26,21,86.2,382,81,43,40,10,37,0,8,83
247,Leandro Lopez,TEX,3,4,4.5,22,21,88,385,82,48,44,11,38,0,2,84
248,Jhonathan Díaz,SEA,7,7,4.14,26,21,115.1,496,117,57,53,13,32,0,8,88
249,Trey Gibson,BAL,6,6,4.53,24,21,105.1,456,100,57,53,14,38,0,9,96
250,Connor Noland,CHC,7,7,4.44,25,21,119.2,517,123,64,59,16,39,0,2,86
251,Keider Montero,DET,7,8,4.53,29,21,123.1,534,124,67,62,18,43,0,6,99
252,Carlos Lagrange,NYY,8,9,4.75,22,21,104.1,457,89,59,55,14,54,0,9,108
253,Michael Forret,TBR,4,4,4.52,25,21,89.2,388,85,49,45,12,34,0,6,78
254,Alan Rangel,PHI,4,6,5.05,25,21,112.1,486,116,68,63,18,38,0,2,92
255,Tate Kuehner,MIL,6,6,4.44,22,21,95.1,429,89,51,47,11,49,0,7,90
256,Thomas Harrington,PIT,6,8,4.51,23,21,103.2,449,107,56,52,14,32,0,5,79
257,Richard Fitts,STL,5,6,4.32,21,21,100,424,100,52,48,14,29,0,4,78
258,Nestor German,BAL,5,6,4.75,23,21,102.1,436,101,58,54,17,35,0,1,89
259,Will Sanders,CHC,6,8,4.57,24,21,108.1,473,105,59,55,15,38,0,9,90
260,Ryan Gallagher,MIN,5,8,5.11,21,21,104,455,110,64,59,17,33,0,3,83
261,Jake Brooks,COL,5,9,5.12,22,21,102,455,119,63,58,15,27,0,8,58
262,Wes Benjamin,,6,7,4.57,24,21,108.1,478,114,59,55,15,41,1,4,82
263,Matt Waldron,SDP,5,8,4.92,22,21,106,458,107,63,58,16,34,0,6,87
264,Garrett Burhenn,DET,5,8,5,23,21,104.1,457,114,63,58,16,31,0,4,72
265,Jacob Miller,MIA,4,6,4.79,22,21,109,486,115,63,58,14,44,0,5,74
266,Will Watson,NYM,5,6,4.98,26,21,103,458,100,62,57,14,49,0,5,90
267,Braden Nett,ATH,4,7,4.95,22,21,87.1,398,88,52,48,11,44,0,6,73
268,Cameron Weston,BAL,5,8,4.85,25,21,115,504,114,67,62,17,45,0,10,96
269,Chase Solesky,TBR,4,6,4.97,22,21,97.2,429,105,58,54,15,35,1,3,65
270,Jose Franco,CIN,4,7,5.38,26,21,87,390,87,56,52,14,41,0,5,78
271,Jean Cabrera,PHI,5,8,5.22,22,21,108.2,487,115,68,63,17,44,0,7,84
272,Owen Wild,TBR,5,7,5.23,21,21,96.1,419,102,61,56,17,33,0,2,71
273,Jack Mahoney,COL,4,8,5.49,22,21,96.2,445,114,64,59,14,38,0,6,56
274,Jack Choate,SFG,4,5,4.75,26,21,91,406,91,52,48,12,37,0,10,76
275,Sam Armstrong,MIN,5,7,5.23,24,21,103.1,466,115,65,60,15,35,0,11,66
276,Michael Morales,SEA,5,6,4.98,21,21,103,452,109,62,57,15,35,0,5,65
277,Blas Castaño,COL,5,7,4.71,26,21,107,474,110,61,56,14,39,0,12,74
278,Drue Hackenberg,ATL,4,7,5.17,21,21,87,399,88,54,50,11,47,0,8,67
279,Aaron Davenport,CLE,5,7,4.98,24,21,112,502,115,67,62,18,51,0,7,86
280,Seth Lonsway,SFG,5,8,4.91,24,21,102.2,474,111,61,56,12,50,0,11,69
281,Kevin Abel,CIN,3,8,6.08,22,21,94.2,433,101,69,64,17,50,0,5,73
282,Brett Wichrowski,MIL,3,5,5.42,21,21,88,398,91,57,53,14,39,0,9,62
283,Victor Lizarraga,SDP,5,8,5.52,23,21,89.2,409,92,59,55,14,47,0,6,68
284,Shane McClanahan,TBR,8,5,3.29,20,20,112.1,454,96,44,41,13,30,1,2,118
285,Spencer Schwellenbach,ATL,8,5,3.39,20,20,124.2,500,111,51,47,15,23,1,5,122
286,Kyle Bradish,BAL,6,3,3.51,20,20,100,414,86,42,39,10,32,0,5,104
287,Nick Martinez,TBR,10,9,3.89,39,20,138.2,584,137,65,60,14,39,1,5,104
288,Brandon Woodruff,MIL,7,5,3.68,20,20,97.2,400,84,43,40,13,26,0,4,105
289,Tyler Glasnow,LAD,5,4,3.76,21,20,105.1,428,84,48,44,14,38,0,1,124
290,Janson Junk,MIA,7,7,4.35,26,20,122,517,130,64,59,16,25,0,4,89
291,Logan Henderson,MIL,8,7,4.12,21,20,94,391,83,46,43,14,29,0,3,96
292,Andrew Morris,MIN,6,5,4.15,22,20,99.2,427,102,50,46,12,28,0,3,79
293,Troy Melton,DET,5,5,4.19,29,20,105.1,445,103,53,49,15,31,1,2,92
294,Johan Oviedo,BOS,6,5,4.23,22,20,95.2,413,87,49,45,12,41,0,7,93
295,AJ Smith-Shawver,ATL,5,5,3.9,20,20,80.2,351,74,38,35,10,32,0,2,88
296,Anthony Kay,CHW,5,8,4.63,22,20,116.2,507,118,65,60,17,44,2,4,99
297,Aaron Civale,ATH,5,7,4.7,23,20,105.1,449,104,59,55,17,32,1,5,92
298,J.T. Ginn,ATH,5,6,4.54,24,20,101,440,96,55,51,14,38,1,9,98
299,TJ Nichols,TBR,6,9,4.66,22,20,106.1,455,107,59,55,16,30,0,6,86
300,Tobias Myers,NYM,6,6,4.39,29,20,110.2,477,112,58,54,15,36,0,4,91
301,Hayden Birdsong,SFG,5,7,4.6,27,20,103.2,455,94,57,53,13,50,0,8,102
302,AJ Blubaugh,HOU,7,8,4.41,29,20,116.1,502,109,62,57,17,49,0,4,105
303,Sean Boyle,SDP,7,8,4.55,24,20,112.2,489,112,62,57,15,36,0,11,89
304,Ryan Feltner,COL,4,6,5.21,20,20,95,425,98,59,55,13,44,0,4,80
305,DJ Herz,WSN,5,6,4.5,20,20,82,364,75,44,41,10,43,0,5,82
306,Gabe Mosser,SEA,5,7,4.67,21,20,104,455,108,58,54,14,36,0,4,80
307,Ben Kudrna,KCR,4,6,4.92,22,20,98.2,443,100,58,54,12,44,0,5,76
308,Joey Estes,ATH,5,9,5.01,21,20,102.1,441,106,62,57,17,29,1,8,70
309,CJ Van Eyk,TOR,6,7,4.79,24,20,103.1,461,108,59,55,13,39,0,8,70
310,Sean Sullivan,COL,5,9,5.27,20,20,97.1,421,104,62,57,17,29,0,5,71
311,Dax Fulton,MIA,6,8,4.68,21,20,98,442,99,55,51,12,48,1,6,80
312,Reid VanScoter,SEA,5,5,4.7,20,20,90,393,96,51,47,12,29,0,3,60
313,Griffin Canning,SDP,6,6,4.68,20,20,102,439,98,57,53,17,40,0,3,94
314,Walker Buehler,SDP,6,7,4.83,22,20,106.1,468,107,62,57,17,42,0,7,93
315,Levi Wells,BAL,3,5,4.78,23,20,86.2,383,89,50,46,12,34,0,5,66
316,Jose Corniell,TEX,3,3,4.66,21,20,56,236,52,31,29,9,18,0,3,52
317,Miguel Ullola,HOU,5,7,4.6,25,20,99.2,445,89,55,51,14,57,0,7,102
318,Victor Mederos,ATL,5,9,5.23,22,20,103.1,466,109,65,60,15,43,0,12,76
319,Jason Alexander,HOU,4,6,4.68,25,20,109.2,485,117,62,57,17,39,0,6,82
320,Marco Raya,MIN,4,5,4.94,27,20,93,420,93,55,51,12,46,0,7,78
321,Lael Lockhart,DET,5,7,4.99,24,20,93.2,419,94,56,52,13,45,0,5,77
322,Dakota Hudson,,5,8,5.35,23,20,117.2,529,133,76,70,16,44,0,7,67
323,Mike Clevinger,PIT,5,6,4.56,25,20,94.2,414,96,52,48,13,38,0,5,73
324,Taijuan Walker,LAA,5,8,5.13,28,20,114,500,122,70,65,19,42,0,5,79
325,Thaddeus Ward,,5,7,4.74,27,20,100.2,461,100,57,53,12,53,0,12,86
326,Brendan Girton,NYM,3,4,5.03,24,20,78.2,352,76,48,44,10,38,0,7,66
327,Yunior Tur,ATH,4,6,5.16,26,20,97.2,440,100,61,56,15,46,0,7,79
328,Joe Miller,DET,4,6,5.24,23,20,92.2,412,104,58,54,15,29,0,6,58
329,Tyler Ivey,,5,6,5.11,22,20,98.2,448,106,61,56,15,47,0,3,72
330,Connor Staine,COL,3,7,6.43,21,20,84,390,99,65,60,17,40,0,6,50
331,Kris Bubic,KCR,8,6,3.53,23,19,107,457,99,45,42,9,36,2,3,107
332,Gerrit Cole,NYY,7,5,3.91,19,19,115,472,101,54,50,16,33,0,4,110
333,Shane Bieber,TOR,6,5,3.66,19,19,103.1,425,97,45,42,13,24,0,2,93
334,Grayson Rodriguez,LAA,5,6,4.21,19,19,96.1,410,89,49,45,12,33,0,4,101
335,Jacob Lopez,ATH,7,7,3.98,25,19,106.1,452,92,51,47,14,42,0,7,116
336,Dietrich Enns,BAL,6,6,4.12,33,19,113.2,501,121,56,52,15,36,2,4,105
337,David Festa,MIN,5,6,4.22,21,19,91.2,391,86,46,43,12,32,0,4,93
338,Ian Seymour,TBR,7,8,4.23,29,19,121.1,506,111,62,57,18,35,1,8,117
339,Alex Cobb,,5,4,4.08,20,19,92.2,405,96,45,42,10,31,0,3,77
340,Dustin May,STL,7,8,4.07,21,19,115,481,102,56,52,13,40,2,9,101
341,Landen Roupp,SFG,6,6,3.81,23,19,99.1,427,92,45,42,10,39,0,3,95
342,Jared Jones,PIT,5,6,4.07,19,19,97.1,419,92,48,44,11,36,0,6,88
343,Ethan Pecko,HOU,7,7,3.9,25,19,92.1,395,87,43,40,12,33,0,1,88
344,Max Scherzer,TOR,5,5,4.16,19,19,95.1,394,88,48,44,16,27,0,4,91
345,Nestor Cortes,,6,6,4.19,20,19,101,421,94,51,47,16,31,0,3,94
346,Martín Pérez,ATL,6,5,4.19,22,19,107.1,466,110,54,50,13,39,0,4,82
347,Luis Gil,NYY,5,6,4.53,20,19,93.1,399,79,51,47,14,46,0,4,97
348,Yordanny Monegro,BOS,4,4,4.28,21,19,75.2,327,73,39,36,10,27,0,3,69
349,Tyson Hardin,MIL,5,5,4.52,19,19,83.2,358,81,45,42,12,25,0,3,71
350,R.J. Gordon,NYM,6,7,4.85,24,19,113.1,492,113,66,61,17,41,1,3,95
351,Yoendrys Gómez,MIN,5,5,4.4,30,19,94,403,84,50,46,14,39,0,7,93
352,Doug Nikhazy,CHC,5,6,4.55,22,19,89,400,86,49,45,11,48,0,3,80
353,Shane Murphy,CHW,4,8,4.86,23,19,103.2,442,114,61,56,18,23,0,1,68
354,Javier Assad,CHC,5,4,4.07,23,19,104,444,97,51,47,13,41,0,4,84
355,Khal Stephen,CLE,5,5,4.37,20,19,90.2,387,91,48,44,14,28,0,2,73
356,Josh Stephan,TEX,5,7,4.93,21,19,96.2,419,100,57,53,14,28,0,6,68
357,Carson Seymour,SFG,7,7,4.19,27,19,105.1,461,106,53,49,12,39,0,7,84
358,Chris Campos,LAD,5,7,5.14,23,19,103.1,448,110,64,59,18,29,0,3,80
359,Tink Hence,STL,3,3,4.41,19,19,65.1,285,62,35,32,8,28,0,1,60
360,Winston Santos,TEX,5,7,4.97,19,19,83.1,362,82,50,46,12,26,0,9,65
361,Ty Cummings,SEA,4,6,4.93,25,19,107.2,475,116,64,59,15,37,0,5,67
362,Hunter Owen,KCR,4,6,4.86,21,19,90.2,401,91,53,49,12,36,0,7,71
363,Luis De León,BAL,4,4,4.7,22,19,88,392,87,50,46,11,41,0,6,73
364,Trey Supak,TEX,5,7,5.04,23,19,98.1,424,100,59,55,16,29,0,7,75
365,Hayden Mullins,BOS,4,5,4.83,21,19,85.2,385,82,50,46,11,44,0,7,78
366,Ryan Webb,CLE,5,7,4.54,24,19,103,460,102,56,52,14,47,0,8,88
367,Trystan Vrieling,SFG,4,5,4.66,21,19,90.2,400,97,51,47,13,29,0,4,67
368,Jose Gonzalez,LAA,5,8,5.22,21,19,91.1,406,99,57,53,15,27,0,9,68
369,Andrew Sears,DET,5,7,5.1,23,19,95.1,425,96,58,54,14,38,0,10,76
370,Chase Chaney,NYY,5,7,5.2,24,19,107.1,472,119,67,62,17,31,0,6,60
371,Antonio Senzatela,COL,5,9,5.55,23,19,103.2,480,129,69,64,16,37,1,5,60
372,Jose Acuna,CIN,4,8,5.63,20,19,72,320,74,49,45,12,31,0,4,56
373,Henry Williams,KCR,4,7,5.23,20,19,96.1,431,101,61,56,14,39,0,7,67
374,Curtis Taylor,,5,6,4.81,27,19,103,452,105,59,55,15,40,1,8,79
375,Brett Kerry,LAA,5,8,5.5,22,19,108,471,118,71,66,20,34,0,4,75
376,Jackson Jobe,DET,3,5,4.94,20,19,78.1,342,78,46,43,12,37,0,2,58
377,Dylan File,DET,4,7,5.37,22,19,102.1,456,119,66,61,17,29,0,6,58
378,Peter Heubeck,LAD,3,5,5.53,19,19,73.1,332,71,49,45,11,42,0,5,63
379,Jackson Baumeister,TBR,2,4,5.3,19,19,73,323,75,46,43,12,31,0,5,54
380,Wilkel Hernandez,,4,5,5.21,28,19,96.2,432,105,61,56,15,37,0,6,64
381,Avery Short,ARI,5,6,4.78,20,19,92.1,413,102,53,49,13,34,0,6,56
382,Yoniel Curet,DET,4,6,5.76,20,19,75,342,72,52,48,12,39,0,13,69
383,Kenny Serwa,DET,5,9,5.46,23,19,97.1,443,108,64,59,13,40,0,10,51
384,Miguel Mendez,SDP,5,8,5.49,19,19,80.1,369,79,53,49,12,43,0,12,64
385,Frank Mozzicato,KCR,3,6,5.59,23,19,85.1,400,89,57,53,12,55,0,3,61
386,Tommy Mace,CLE,5,8,5.2,25,19,97,447,105,61,56,15,52,0,6,62
387,Nathan Eovaldi,TEX,6,6,3.92,18,18,105.2,436,96,50,46,14,29,1,4,95
388,Joey Cantillo,CLE,5,5,3.75,32,18,103.1,441,89,46,43,12,45,0,2,114
389,Braxton Garrett,MIA,5,4,3.94,18,18,91.1,385,88,43,40,11,23,0,7,79
390,Ty Johnson,TBR,6,6,4.18,25,18,94.2,402,84,48,44,12,33,0,9,94
391,Blade Tidwell,SFG,6,7,4.27,23,18,103.1,456,101,53,49,12,43,0,5,93
392,Jordan Wicks,CHC,5,4,4.02,25,18,85,361,82,41,38,11,26,0,2,76
393,Gavin Stone,LAD,5,5,4.66,19,18,92.2,400,92,52,48,13,32,0,2,81
394,Sean Manaea,NYM,5,5,4.51,22,18,101.2,428,94,55,51,16,31,0,6,104
395,Tyler Mahle,SFG,5,5,3.81,18,18,87.1,360,81,40,37,10,28,0,1,71
396,Eric Lauer,LAD,6,7,4.31,28,18,108.2,462,105,56,52,17,36,2,3,97
397,Tyler Uberstine,BOS,5,5,4.38,22,18,100.2,438,100,53,49,14,36,0,5,91
398,Carlos Rodriguez,MIL,5,6,4.57,23,18,102.1,445,95,56,52,14,42,0,7,93
399,Cristian Javier,HOU,5,6,4.29,19,18,92.1,390,79,48,44,13,42,0,3,90
400,Kutter Crawford,BOS,6,7,4.47,21,18,104.2,438,100,56,52,16,32,0,4,90
401,Ryan Gusto,MIA,6,7,4.56,25,18,102.2,451,106,56,52,14,39,0,4,85
402,Mitch Spence,KCR,5,6,4.51,32,18,117.2,510,122,64,59,16,36,1,6,88
403,Bruce Zimmermann,STL,6,8,4.55,24,18,112.2,489,126,62,57,15,27,0,3,76
404,Nabil Crismatt,TEX,4,7,4.89,26,18,103,439,108,61,56,15,27,0,3,69
405,Ronel Blanco,HOU,7,7,4.2,25,18,109.1,462,98,55,51,17,47,0,2,105
406,Charlie Barnes,LAD,6,6,4.49,18,18,106.1,455,104,57,53,16,33,0,6,89
407,Trenton Denholm,CLE,7,8,4.51,23,18,111.2,484,121,61,56,16,30,0,4,75
408,Brandon Young,BAL,5,5,4.5,18,18,84,361,86,45,42,13,24,0,2,72
409,Adam Seminaris,PHI,5,7,4.84,22,18,96.2,429,108,56,52,13,32,0,3,65
410,Spencer Arrighetti,HOU,6,7,4.37,20,18,96.2,421,86,51,47,14,45,0,6,101
411,Austin Gomber,ATL,4,7,5.22,20,18,100,427,105,63,58,18,28,0,1,74
412,Kyle Hart,SDP,6,6,4.4,29,18,106.1,459,105,56,52,16,35,0,7,96
413,Adam Kloffenstein,NYY,5,5,4.88,21,18,92.1,408,89,54,50,12,39,0,9,76
414,Blake Wehunt,BOS,5,5,4.63,18,18,70,309,70,39,36,9,28,0,4,58
415,Santiago Suarez,TBR,4,5,4.92,18,18,82.1,352,87,49,45,14,21,0,1,59
416,Brett Sears,ATL,8,10,4.92,21,18,100.2,432,100,59,55,16,29,0,9,87
417,Marcus Stroman,,5,6,4.76,18,18,90.2,396,92,52,48,12,36,0,4,63
418,Ian Mejia,ATL,6,8,4.69,23,18,109.1,478,115,62,57,16,35,0,7,83
419,Griff McGarry,LAD,3,4,4.76,21,18,68,307,59,39,36,8,43,0,5,77
420,Julian Aguiar,CIN,4,5,5.3,20,18,91.2,401,98,58,54,15,28,0,7,64
421,Jake Bennett,BOS,3,4,4.7,18,18,67,294,72,38,35,9,21,0,4,46
422,Kenta Maeda,,5,6,5.09,24,18,97.1,427,102,59,55,15,35,0,4,76
423,Davis Daniel,CIN,6,10,5.59,23,18,103,449,109,69,64,18,36,0,4,78
424,Chuck King,PHI,5,6,5.29,22,18,98.2,441,111,63,58,16,32,0,3,69
425,Brandon Williamson,CIN,3,5,5.16,18,18,82,363,82,51,47,12,38,0,5,65
426,Tommy Henry,ARI,5,6,4.55,20,18,99,434,102,54,50,13,37,0,4,74
427,Jaxon Wiggins,CHC,4,4,4.5,19,18,70,307,64,38,35,9,35,0,2,62
428,Trent Sellers,NYY,3,4,4.98,22,18,81.1,361,77,49,45,12,41,0,4,74
429,Hancel Rincon,STL,5,6,4.79,20,18,97.2,426,104,56,52,15,30,0,5,68
430,Kyle Robinson,PIT,6,10,5.15,23,18,106.2,480,118,66,61,15,43,0,2,63
431,Hunter Patteson,KCR,4,5,5.07,21,18,94,420,103,57,53,14,33,0,4,62
432,Dylan DeLucia,CLE,4,7,4.91,20,18,84.1,367,84,50,46,13,32,0,5,67
433,Brock Selvidge,NYY,4,6,5.27,18,18,82,370,84,52,48,11,40,0,4,57
434,Shaun Anderson,LAA,4,7,5.29,25,18,103.2,458,119,66,61,18,30,0,3,71
435,Carson Ragsdale,,5,7,4.88,24,18,83,373,85,49,45,12,38,0,4,71
436,Alessandro Ercolani,PIT,3,6,4.96,24,18,90.2,404,98,54,50,12,36,0,6,55
437,Marcelo Perez,SEA,4,7,5.04,18,18,80.1,353,88,49,45,12,23,0,5,47
438,Brandon Birdsell,CHC,4,6,4.97,18,18,83.1,357,84,50,46,15,26,0,5,62
439,Ben Anderson,TEX,4,8,5.42,22,18,91.1,412,103,59,55,14,35,0,3,51
440,Grant Kipp,CHC,5,6,5.12,21,18,84.1,382,82,52,48,12,41,0,10,70
441,Cade Winquest,STL,4,6,5.55,21,18,84.1,377,88,56,52,15,34,0,7,64
442,Chris Kachmar,,4,6,5.16,21,18,89,398,90,55,51,15,41,0,5,74
443,Joel Hurtado,LAA,4,8,5.52,19,18,89.2,409,101,59,55,14,39,0,7,54
444,Ryan Cardona,,3,7,6.38,22,18,84.2,394,93,65,60,15,48,0,6,54
445,Casey Kelly,ARI,4,6,5.23,21,18,103.1,470,125,65,60,17,37,0,6,53
446,Braxton Ashcraft,PIT,7,5,3.57,32,17,108.1,460,104,46,43,11,30,1,5,100
447,Reid Detmers,LAA,7,7,4.23,39,17,112.2,476,99,57,53,14,39,2,6,126
448,Emmet Sheehan,LAD,5,4,4.02,24,17,87.1,362,71,42,39,11,32,1,5,100
449,Tanner Houck,BOS,6,5,4.29,19,17,100.2,433,99,52,48,10,33,1,8,79
450,Patrick Sandoval,BOS,6,5,4.21,17,17,87.2,391,88,44,41,8,39,1,3,78
451,John Holobetz,BOS,5,6,4.51,21,17,109.2,474,115,59,55,14,31,0,2,79
452,Joe Rock,CHW,5,6,4.3,29,17,106.2,463,107,55,51,13,36,0,5,88
453,Will Dion,CLE,5,5,4.04,27,17,98,421,98,48,44,12,32,0,2,80
454,Jordan Montgomery,TEX,5,6,4.72,19,17,101,438,102,57,53,13,36,1,3,82
455,Luis Ortiz,CLE,7,7,3.98,23,17,106.1,454,96,51,47,14,43,1,4,102
456,Coleman Crow,MIL,4,4,4.13,18,17,85,363,81,42,39,11,25,0,6,72
457,Allan Winans,,6,6,4.56,22,17,100.2,428,98,55,51,14,28,0,7,82
458,Ryan Weathers,NYY,5,5,4.48,19,17,86.1,372,81,46,43,11,33,0,4,79
459,Tekoah Roby,STL,5,6,4.2,17,17,79.1,336,78,40,37,11,22,0,3,68
460,Yu Darvish,SDP,6,6,4.5,17,17,90,383,87,49,45,13,28,0,6,80
461,Joander Suarez,NYM,5,7,4.56,21,17,90.2,390,94,50,46,13,25,0,4,72
462,Jaron DeBerry,MIL,4,4,4.51,20,17,91.2,398,90,50,46,13,29,0,5,76
463,Brad Lord,WSN,6,7,4.53,40,17,113.1,489,115,62,57,14,36,0,7,84
464,Bobby Miller,LAD,4,6,5.04,28,17,94.2,416,91,57,53,13,41,1,4,90
465,Dane Dunning,SEA,4,5,4.37,27,17,101,438,99,53,49,13,35,1,6,88
466,Max Meyer,MIA,4,5,4.25,17,17,78.1,336,76,40,37,11,27,0,3,71
467,Patrick Monteverde,MIA,5,6,4.5,23,17,92,402,98,50,46,12,30,0,3,68
468,Sem Robberse,STL,4,5,4.48,18,17,86.1,377,88,46,43,11,30,0,4,66
469,Alec Marsh,KCR,5,8,4.88,20,17,94,414,92,55,51,13,39,0,7,84
470,Kohl Drake,ARI,6,5,4.24,19,17,80.2,353,80,41,38,11,30,0,4,74
471,Tyler Stuart,WSN,4,4,4.5,17,17,78,344,81,42,39,10,29,0,4,60
472,Shane Drohan,MIL,5,5,4.4,19,17,75.2,326,69,40,37,11,32,0,3,72
473,Ty Madden,DET,3,4,4.75,19,17,85.1,377,85,49,45,12,36,0,4,74
474,Lazaro Estrada,TOR,4,5,4.75,24,17,89,384,90,51,47,14,27,0,5,74
475,Randy Dobnak,SEA,5,6,4.4,25,17,100.1,442,103,53,49,11,36,0,7,73
476,Angel Bastardo,BOS,3,4,4.46,17,17,78.2,347,76,42,39,11,36,0,3,68
477,Steven Zobac,KCR,4,5,4.85,18,17,74.1,324,78,43,40,11,22,0,4,56
478,Blake Beers,ATH,4,6,4.84,22,17,89.1,395,93,52,48,13,31,0,8,66
479,Carson Palmquist,WSN,4,8,5.26,29,17,99.1,451,101,63,58,16,50,0,9,93
480,Rafael Sanchez,TOR,4,5,5.02,21,17,86,380,97,52,48,14,27,0,1,55
481,Dom Hamel,NYY,5,6,5.05,26,17,87.1,385,86,53,49,13,37,0,5,73
482,Casey Lawrence,SEA,5,8,5.07,22,17,104.2,457,123,64,59,17,23,0,4,57
483,Christian MacLeod,MIA,4,4,4.71,24,17,80.1,360,82,45,42,11,39,0,4,67
484,Tyson Guerrero,KCR,4,5,5,18,17,81,360,81,49,45,12,35,0,7,67
485,Nick Zwack,SFG,3,4,4.91,19,17,66,292,71,39,36,9,23,0,3,47
486,Wyatt Crowell,LAD,4,6,5.14,22,17,82.1,371,76,51,47,11,42,0,13,74
487,Rorik Maltrud,CLE,4,4,4.65,19,17,67.2,300,69,38,35,10,30,0,2,55
488,Jake Bloss,TOR,4,5,4.74,17,17,68.1,305,71,39,36,11,30,0,1,53
489,Frankie Montas,,4,7,5.44,18,17,86,386,90,56,52,14,38,1,4,71
490,Ryan Costeiu,LAA,4,8,5.47,21,17,93.2,416,98,62,57,16,40,0,3,74
491,Ian Bedell,STL,2,4,4.88,18,17,72,317,74,42,39,11,28,1,5,55
492,Adrian Sampson,,4,6,5.26,18,17,87.1,394,101,55,51,13,31,0,6,49
493,Rich Hill,,4,8,5.4,18,17,80,359,84,52,48,14,36,0,4,66
494,Tyler Schlaffer,CHC,3,5,5.17,18,17,78.1,353,79,49,45,12,37,0,5,60
495,Hyun-il Choi,,5,8,5.4,24,17,95,420,105,62,57,16,27,0,11,60
496,Luke Fox,LAD,3,4,5.77,18,17,78,352,78,54,50,14,41,0,4,67
497,Trace Bright,BAL,4,6,5.31,22,17,81.1,371,83,52,48,12,45,0,5,66
498,Enmanuel Pinales,SDP,5,7,5.32,20,17,88,396,94,56,52,15,38,0,3,65
499,Bryce Conley,NYM,4,6,5.58,20,17,92,405,97,62,57,17,35,1,5,69
500,Triston McKenzie,SDP,4,6,5.2,22,17,81.1,362,77,51,47,15,45,0,2,80
501,Orlando Ortiz-Mayr,MIA,4,7,5.48,22,17,87,403,94,57,53,13,46,0,8,59
502,Reynaldo López,ATL,7,5,3.44,35,16,102,420,88,42,39,11,35,1,2,105
503,Roki Sasaki,LAD,5,4,4.11,23,16,89.2,385,80,44,41,13,32,1,6,104
504,Shohei Ohtani,LAD,5,3,3.59,16,16,80.1,326,59,35,32,11,31,1,6,97
505,Jon Gray,,5,5,4.46,18,16,84.2,360,82,45,42,11,26,1,3,74
506,Brian Van Belle,TBR,6,7,4.36,24,16,103.1,440,111,54,50,15,22,0,3,72
507,Clarke Schmidt,NYY,5,5,4.19,19,16,88,376,81,44,41,11,31,0,6,83
508,Cristian Mena,ARI,4,4,3.83,19,16,89.1,382,83,41,38,11,32,0,3,85
509,Joe Musgrove,SDP,5,5,3.87,16,16,90.2,384,86,42,39,11,24,0,9,81
510,Robert Gasser,MIL,4,5,4.14,19,16,78.1,334,72,39,36,10,25,0,7,75
511,Kumar Rocker,TEX,4,5,4.09,17,16,72.2,313,70,36,33,9,22,0,3,68
512,Darren McCaughan,CIN,4,7,5.24,25,16,104.2,456,111,66,61,17,30,0,8,82
513,Blake Money,BAL,5,7,4.59,24,16,104,447,105,57,53,15,33,0,2,87
514,Nathan Wiles,,6,5,4.3,24,16,96.1,412,102,50,46,13,23,0,3,73
515,Michael Soroka,ARI,6,6,4.02,24,16,91.2,391,80,44,41,11,36,0,9,90
516,Cooper Criswell,SEA,5,4,4.21,25,16,92,397,90,46,43,11,29,0,8,78
517,Jhancarlos Lara,ATL,4,5,4.25,32,16,76.1,344,65,39,36,8,43,0,9,88
518,Yorman Gómez,CLE,6,7,4.42,25,16,108,475,109,57,53,15,43,0,4,88
519,Alek Manoah,LAA,4,5,4.77,16,16,83,361,79,48,44,11,35,0,8,71
520,Daniel Espino,CLE,4,5,4.3,16,16,67,296,61,35,32,10,35,0,1,75
521,Luis Perales,WSN,3,3,4.53,16,16,53.2,240,49,29,27,6,27,0,5,55
522,Jake Eder,LAD,4,7,4.92,21,16,82.1,367,85,49,45,11,34,0,6,65
523,Thomas Hatch,ARI,6,6,4.25,25,16,103.2,460,112,53,49,13,35,1,6,72
524,Ken Waldichuk,WSN,3,6,4.89,20,16,77.1,344,74,45,42,10,37,0,6,73
525,Ben Lively,CLE,5,6,4.57,17,16,84.2,364,86,46,43,13,30,0,3,62
526,David Buchanan,,4,7,5.01,19,16,97,430,111,58,54,14,30,0,3,56
527,Blake Adams,COL,4,7,5.21,24,16,86.1,379,99,54,50,15,25,0,2,59
528,Billy Corcoran,ARI,5,6,4.46,16,16,80.2,355,88,43,40,11,24,0,3,53
529,Jose Fleury,HOU,3,3,4.54,22,16,77.1,335,76,42,39,12,30,0,2,66
530,James Gonzalez,ATH,4,5,4.9,20,16,86.1,383,90,51,47,13,35,0,4,67
531,River Ryan,LAD,2,3,4.77,17,16,62.1,275,60,36,33,9,28,0,4,55
532,Max Alba,DET,2,4,5.04,25,16,84,366,92,51,47,13,24,0,2,55
533,Carlos Peña,DET,6,7,4.94,24,16,94.2,416,102,56,52,14,32,0,5,65
534,Rodney Boone,CLE,4,5,4.44,17,16,71,309,73,38,35,11,24,0,3,55
535,Bryce Jarvis,ARI,4,5,4.55,29,16,93,410,91,51,47,12,42,1,6,74
536,Trey Dombroski,HOU,7,8,4.69,24,16,101.2,446,105,57,53,17,39,0,3,83
537,Dalton Rogers,BOS,4,6,4.86,21,16,87,395,87,51,47,12,50,0,2,76
538,Blake Walston,ARI,4,5,4.59,18,16,84.1,376,86,46,43,10,38,0,5,60
539,Albert Suárez,BAL,4,6,5.04,23,16,89.1,400,100,54,50,15,33,1,2,72
540,Robert Dugger,,3,5,5.29,19,16,80,357,84,51,47,12,36,0,2,57
541,John Gant,,3,5,5.16,16,16,68,308,75,42,39,10,29,0,2,46
542,Ryan Ramsey,KCR,5,9,5.13,22,16,93,419,95,57,53,13,42,0,9,71
543,Drake Fellows,PHI,5,7,5.1,28,16,91.2,409,97,56,52,14,38,0,4,62
544,Edgar Barclay,NYY,4,6,5.4,20,16,86.2,387,89,56,52,14,38,0,5,65
545,Andrew Quezada,,3,6,5.54,22,16,81.1,375,100,54,50,12,32,0,4,41
546,Shane Panzini,KCR,4,5,5.21,22,16,86.1,391,90,54,50,13,42,0,4,68
547,Isaac Coffey,BOS,4,5,5.09,19,16,74.1,333,73,45,42,11,32,0,12,61
548,Estibenzon Jimenez,PHI,5,7,5.61,23,16,96.1,429,107,65,60,17,32,0,7,67
549,Nick Nastrini,,4,5,5.83,23,16,78.2,363,77,55,51,14,50,0,6,69
550,Jared Kollar,,5,9,5.6,25,16,98,437,112,66,61,18,35,0,2,56
551,Manuel Mercedes,SFG,5,10,5.59,26,16,85.1,399,98,57,53,11,41,0,8,42
552,Ben Brown,CHC,6,6,4,24,15,99,419,88,48,44,12,34,0,4,107
553,Justin Wrobleski,LAD,6,6,4.42,31,15,110,468,105,58,54,15,35,0,4,103
554,Luis Garcia,NYY,5,5,3.89,16,15,74,303,66,35,32,11,21,0,1,74
555,Foster Griffin,WSN,4,5,4.31,18,15,87.2,372,86,45,42,12,25,1,4,82
556,Drew Rom,MIL,4,4,4.21,16,15,72.2,312,66,37,34,9,27,0,5,70
557,Kyle Wright,CHC,5,5,4.22,15,15,79,338,73,40,37,9,29,0,6,67
558,Tyler Wells,BAL,4,5,4.44,19,15,77,313,71,41,38,13,20,0,2,66
559,Paul Blackburn,NYY,4,6,4.9,21,15,82.2,362,85,49,45,12,30,0,3,65
560,Jonathan Pintaro,NYM,4,3,4.15,26,15,73.2,328,70,37,34,8,31,0,7,70
561,Lance McCullers Jr.,HOU,4,4,4.37,17,15,68,301,62,36,33,8,35,0,5,66
562,Seth Shuman,WSN,4,4,4.71,26,15,86,372,94,49,45,12,19,0,6,58
563,Matt Sauer,,5,5,5.03,25,15,93,410,97,56,52,14,31,0,8,75
564,Sauryn Lao,,3,3,4.46,33,15,72.2,316,75,39,36,10,21,1,4,61
565,Zach Thornton,NYM,4,5,4.71,16,15,70.2,308,72,40,37,9,22,0,5,54
566,Drew Thorpe,CHW,4,6,4.81,15,15,76.2,329,79,44,41,12,27,0,0,58
567,Kyle Tyler,,4,6,4.94,24,15,93,418,103,55,51,12,36,0,4,63
568,Hunter Dobbins,STL,4,4,4.57,16,15,78.2,342,82,43,40,10,25,0,4,54
569,Michael Plassmeyer,TOR,5,7,4.62,24,15,89.2,389,91,50,46,14,26,0,9,73
570,Austin Bergner,TEX,5,7,4.85,24,15,81.2,359,80,48,44,11,37,0,1,68
571,John Klein,MIN,6,8,4.68,26,15,94.1,415,95,53,49,13,34,0,10,79
572,Adam Macko,TOR,5,5,4.66,20,15,75.1,335,72,42,39,10,33,0,7,67
573,Chayce McDermott,LAD,5,5,4.69,25,15,78.2,347,74,44,41,11,39,0,4,78
574,Nick Dean,CHC,4,4,4.52,16,15,65.2,284,66,36,33,10,21,0,1,53
575,Robinson Piña,,5,6,4.5,21,15,82,359,84,44,41,12,27,0,6,63
576,Luinder Avila,KCR,4,5,4.54,25,15,81.1,358,78,44,41,10,36,0,6,69
577,Anthony Molina,ATL,4,5,4.85,28,15,100.1,439,111,58,54,14,30,0,2,68
578,Moisés Chace,PHI,3,4,4.86,22,15,66.2,298,62,39,36,9,36,0,4,65
579,Connor McCullough,CHW,3,5,5.15,15,15,57.2,247,61,36,33,10,15,0,3,43
580,Trent Baker,MIN,4,6,4.81,27,15,88,388,94,51,47,13,32,0,4,66
581,Trenton Wallace,TOR,2,3,4.5,24,15,70,309,65,38,35,10,34,0,5,66
582,Ricky Tiedemann,TOR,2,2,4.6,15,15,43,193,37,24,22,5,24,0,6,43
583,Luis Palacios,MIA,5,8,4.8,27,15,95.2,419,107,55,51,14,28,0,4,55
584,Yilber Díaz,ARI,5,4,4.19,30,15,83.2,371,79,42,39,11,42,0,4,80
585,Ky Bush,CHW,3,6,5.08,15,15,72.2,327,79,44,41,11,33,0,2,50
586,Jackson Nezuh,HOU,5,7,4.86,20,15,79.2,351,81,46,43,13,32,0,3,64
587,Owen White,,3,5,5.22,22,15,81,368,87,51,47,11,36,0,6,57
588,Kyle Brnovich,PHI,3,5,5.3,19,15,71.1,321,72,45,42,11,33,0,6,61
589,Chris Flexen,,5,6,4.89,26,15,95.2,419,99,56,52,15,37,1,2,70
590,Adam Plutko,,4,7,5.33,16,15,76,335,89,49,45,13,23,0,2,44
591,Evan Fitterer,SDP,5,8,4.91,26,15,91.2,413,92,54,50,12,44,0,8,69
592,Will Schomberg,MIA,4,6,4.99,22,15,83,373,79,50,46,12,41,0,12,75
593,Braydon Tucker,PHI,3,6,5.53,21,15,84.2,380,97,56,52,14,28,0,6,50
594,Zach Plesac,,4,6,5.26,16,15,75.1,336,85,48,44,12,29,0,1,46
595,Nic Swanson,HOU,3,5,5.06,19,15,69.1,314,72,42,39,11,34,0,3,53
596,Wikelman González,CHW,2,5,5.4,17,15,66.2,307,65,43,40,11,41,0,5,64
597,Devereaux Harrison,TOR,5,7,5.22,28,15,89.2,405,93,56,52,15,45,0,3,69
598,Shane Rademacher,SFG,4,7,5.31,24,15,96.2,426,113,62,57,17,27,0,1,50
599,Louis Varland,TOR,7,5,3.64,48,14,108.2,452,100,48,44,14,30,1,4,104
600,Jack Perkins,ATH,5,4,3.94,21,14,82.1,349,69,39,36,9,35,0,6,87
601,Sawyer Gipson-Long,DET,3,4,4.34,19,14,74.2,316,74,39,36,10,19,0,4,63
602,Cody Bradford,TEX,5,5,4.5,18,14,76,316,74,41,38,11,17,0,2,61
603,Caleb Boushley,,3,5,4.66,28,14,90.2,396,99,51,47,12,27,0,2,65
604,Brady Basso,ATH,4,3,4.26,24,14,74,316,74,38,35,10,24,0,2,61
605,Braxton Bragg,BAL,4,4,4.48,16,14,68.1,294,68,37,34,10,20,0,3,61
606,Christian Scott,NYM,3,3,4.52,14,14,63.2,270,61,35,32,9,19,0,4,57
607,Jesse Scholtens,TBR,3,3,4.54,21,14,75.1,326,77,41,38,11,25,1,2,63
608,Luis Medina,ATH,4,4,4.86,16,14,66.2,298,64,39,36,7,32,1,6,55
609,Tony Gonsolin,LAD,4,5,4.9,14,14,71.2,297,63,42,39,12,26,1,4,64
610,Osvaldo Bido,,4,6,5.1,26,14,91.2,404,87,56,52,14,40,1,9,81
611,José Urquidy,PIT,4,5,4.39,17,14,71.2,306,75,38,35,10,20,0,3,51
612,Bryce Mayer,HOU,4,5,4.66,19,14,77.1,332,75,43,40,12,24,0,7,66
613,Eduardo Rivera,BOS,4,5,4.66,20,14,77.1,343,73,43,40,10,40,0,4,71
614,Tyler Schweitzer,CHW,4,7,4.93,24,14,96.2,425,104,57,53,15,36,0,2,69
615,Valente Bellozo,COL,3,5,5.16,29,14,96,421,108,59,55,17,31,0,3,65
616,Alex Pham,BAL,3,4,4.63,20,14,70,302,69,39,36,11,28,0,1,63
617,Mitch Myers,ATH,4,5,4.79,22,14,82.2,361,92,48,44,13,21,0,4,52
618,Brandon Waddell,NYM,5,5,4.67,24,14,86.2,379,89,49,45,12,29,0,8,68
619,Bowden Francis,TOR,5,6,4.69,21,14,76.2,326,72,43,40,14,26,0,6,67
620,Andry Lara,WSN,5,8,4.93,27,14,84,381,93,50,46,10,34,0,2,56
621,Kai-Wei Teng,HOU,5,6,4.8,28,14,86.1,384,78,50,46,11,41,0,12,82
622,Ty Blach,CHC,3,4,5.21,21,14,76,334,87,48,44,12,18,0,4,47
623,Alonzo Tredwell,HOU,3,4,4.77,22,14,79.1,356,76,45,42,11,38,0,7,72
624,Antonio Santos,,5,5,4.78,20,14,69.2,310,67,40,37,9,33,0,5,58
625,Mitch Neunborn,PHI,4,7,5.4,27,14,76.2,342,83,50,46,12,31,0,3,56
626,Gunnar Hoglund,ATH,4,5,5,15,14,72,312,77,43,40,13,21,0,4,51
627,Blake Burkhalter,ATL,4,5,4.93,26,14,84,370,88,50,46,13,31,0,4,63
628,Justin Jarvis,,4,6,5.63,19,14,76.2,344,82,52,48,13,35,0,2,56
629,Dominic Perachi,PIT,3,4,4.89,18,14,70,317,76,41,38,10,30,0,6,47
630,Christian Romero,LAD,4,5,5.52,23,14,89.2,401,96,59,55,14,32,0,11,57
631,Zach Fruit,BAL,2,4,5.29,16,14,63,287,66,40,37,9,33,0,3,46
632,Manuel Urias,,4,6,5.1,22,14,88.1,392,97,54,50,15,32,0,3,59
633,Joseph Montalvo,DET,3,4,5.29,16,14,61.1,273,66,39,36,11,24,0,3,43
634,Bryce Osmond,LAA,3,5,5.71,15,14,52,237,55,36,33,10,25,0,5,42
635,Erian Rodriguez,CHC,4,7,5.45,18,14,71,326,75,46,43,11,33,0,8,49
636,Darren Bowen,MIN,3,6,5.84,22,14,69.1,317,78,49,45,11,30,0,6,40
637,Ethan Bosacker,KCR,4,7,5.7,23,14,90,401,101,62,57,15,32,0,5,46
638,Thomas Farr,CIN,3,6,6.3,22,14,75.2,346,88,57,53,15,29,0,9,40
639,Carmen Mlodzinski,PIT,7,7,3.57,39,13,103.1,439,98,44,41,10,34,0,4,90
640,Ryan Johnson,LAA,5,5,4.15,28,13,73.2,321,73,37,34,9,24,1,1,69
641,Brant Hurter,DET,5,5,3.89,37,13,90.1,383,85,42,39,10,25,1,8,80
642,Jedixson Paez,BOS,4,4,4.4,20,13,77.2,331,80,41,38,11,18,0,3,62
643,José Suarez,ATH,4,5,4.26,22,13,82.1,356,80,42,39,10,29,1,3,78
644,Gordon Graceffo,STL,5,6,4.25,35,13,97.1,416,96,50,46,11,31,0,3,78
645,J.P. France,HOU,5,4,4.12,19,13,78.2,342,76,39,36,10,32,0,2,72
646,Carson Spiers,CIN,4,6,5.22,22,13,91.1,406,95,57,53,14,35,0,7,73
647,Daniel Lynch IV,KCR,4,5,4.33,40,13,97.2,422,98,51,47,13,34,1,4,78
648,Roansy Contreras,,3,6,4.99,31,13,92,401,98,55,51,14,33,1,3,65
649,JT Brubaker,SFG,2,3,4.37,22,13,70,309,71,37,34,8,27,0,4,58
650,Pedro Avila,CLE,5,6,4.16,24,13,80,350,77,40,37,9,34,1,4,65
651,Ben Shields,COL,2,4,4.7,16,13,61.1,273,63,35,32,9,22,0,6,56
652,David Sandlin,CHW,5,7,4.85,27,13,87.1,383,93,51,47,14,30,0,2,72
653,Caleb Kilian,SFG,3,4,4.54,18,13,71.1,315,75,39,36,8,25,1,4,54
654,Kyle Hurt,LAD,4,4,4.74,24,13,68.1,301,61,39,36,10,36,0,4,76
655,Jack O'Loughlin,,3,4,4.63,26,13,72,323,77,40,37,9,30,0,5,54
656,Ian Anderson,,4,6,4.62,17,13,66.1,296,68,37,34,8,31,0,1,51
657,Michael Kopech,,6,5,4.43,38,13,83.1,357,69,44,41,13,44,1,5,90
658,Garrett Stallings,MIL,4,5,4.74,26,13,89.1,384,95,51,47,14,24,0,2,64
659,Ricky Castro,MIN,3,4,4.74,24,13,81.2,357,87,46,43,12,27,0,2,61
660,Trevor Williams,WSN,3,5,4.93,15,13,65.2,291,74,39,36,10,21,0,2,51
661,Zack Thompson,STL,4,5,4.58,24,13,72.2,325,69,40,37,9,37,0,4,71
662,Cory Abbott,,3,4,4.9,22,13,71.2,314,68,42,39,11,32,0,3,68
663,Robert Stock,NYM,3,5,4.76,18,13,70,315,69,40,37,10,31,0,9,65
664,Josh Trentadue,TEX,2,3,5.03,21,13,68,302,64,41,38,9,31,0,6,61
665,Adam Laskey,COL,4,5,4.96,27,13,70.2,320,81,42,39,10,26,0,4,49
666,Vince Velasquez,CHC,4,3,4.5,16,13,64,279,60,35,32,10,28,0,2,63
667,Spencer Turnbull,,3,5,5.04,17,13,64.1,291,68,39,36,8,27,0,6,46
668,Cole Wilcox,SEA,5,5,4.45,30,13,85,371,84,45,42,10,33,0,5,67
669,Derek Diamond,PIT,4,6,4.74,18,13,70.1,311,81,40,37,10,20,0,2,41
670,T.J. Sikkema,BOS,4,6,4.94,21,13,71,315,75,42,39,9,25,0,8,48
671,Jared Lyons,CIN,3,6,5.45,19,13,67.2,301,72,44,41,11,28,0,2,52
672,Evan McKendry,MIA,5,7,4.96,22,13,85.1,368,92,51,47,13,21,1,7,53
673,Jairo Iriarte,CHW,3,6,5.16,29,13,76.2,350,75,48,44,10,42,0,9,67
674,Wade Miley,,2,5,5.65,13,13,57.1,250,62,39,36,9,21,0,3,33
675,Braeden Fausnaught,PHI,4,5,5.27,17,13,71.2,320,79,45,42,12,27,0,3,51
676,Aaron Brown,,4,7,5.11,20,13,82.2,368,93,51,47,13,28,0,3,51
677,Cory Lewis,MIN,4,6,5.06,22,13,74.2,340,75,45,42,11,44,0,1,66
678,Xzavion Curry,NYM,4,6,5.19,26,13,78,345,86,49,45,13,31,1,2,52
679,Dylan Cumming,CHW,4,7,5.45,26,13,76,345,83,50,46,12,29,0,10,55
680,Karl Kauffmann,,3,7,5.38,31,13,95.1,440,113,62,57,14,43,0,4,56
681,Austin Krob,,3,3,4.95,23,13,76.1,349,80,45,42,10,38,0,6,56
682,Jared Karros,LAD,2,4,5.82,13,13,55.2,247,63,39,36,11,19,0,1,35
683,Devin Smeltzer,,4,5,5.25,21,13,73.2,325,80,46,43,12,27,0,4,45
684,Connor Gillispie,PHI,3,5,5.81,20,13,79,351,84,55,51,15,32,0,6,57
685,Drew Parrish,,4,6,5.84,26,13,81.2,365,90,57,53,15,33,0,3,54
686,Ryan Watson,TOR,4,6,5.52,15,13,75,330,86,50,46,15,22,0,2,43
687,Ryan Garcia,,3,6,5.67,21,13,68.1,310,68,46,43,11,38,1,4,56
688,Carter Spivey,CLE,2,3,5.05,18,13,66,300,72,40,37,10,30,0,4,41
689,Casey Anderson,ARI,6,8,4.96,24,13,81.2,377,86,49,45,10,39,0,11,58
690,William Fleming,MIN,3,5,5.16,24,13,76.2,343,86,48,44,12,26,0,5,46
691,Juan Mercedes,,3,6,5.16,18,13,75,334,83,46,43,13,27,0,3,49
692,Michael Dominguez,,2,4,5.31,20,13,62.2,285,62,40,37,11,36,0,4,53
693,Michael Mariot,,4,5,5.19,21,13,76.1,339,86,48,44,13,25,0,6,47
694,Ryan Long,BAL,3,5,5.67,23,13,81,359,91,55,51,15,29,0,4,48
695,Justin Hagenman,NYM,3,4,4.38,30,12,84.1,357,86,44,41,12,20,0,3,73
696,Joey Wentz,ATL,5,5,4.54,33,12,89.1,395,89,49,45,11,37,1,2,88
697,Mike Vasil,CHW,5,5,4.23,37,12,106.1,464,103,54,50,12,44,2,7,86
698,Jake Woodford,MIL,4,6,4.6,30,12,92,402,95,51,47,11,30,1,6,67
699,Nick Margevicius,,3,4,4.2,17,12,64.1,279,71,32,30,7,14,0,3,42
700,Tucker Davidson,PHI,4,6,4.91,21,12,77,342,81,45,42,10,29,0,3,62
701,Chase Silseth,LAA,3,4,4.3,27,12,67,290,61,35,32,9,30,0,3,70
702,DL Hall,MIL,3,2,4.14,26,12,63,275,56,31,29,7,30,0,3,63
703,Easton Lucas,,4,4,4.74,27,12,74,326,72,42,39,10,31,1,3,66
704,Drey Jameson,ARI,6,4,3.95,20,12,73,318,71,35,32,8,29,0,3,63
705,Travis Adams,MIN,6,6,4.55,32,12,97,424,101,53,49,13,33,0,4,76
706,Tyler Phillips,MIA,4,5,4.3,37,12,98.1,427,101,51,47,12,35,0,3,72
707,Hayden Wesneski,HOU,4,5,4.42,25,12,77.1,328,72,41,38,12,27,0,3,71
708,Landon Harper,ATL,5,6,4.64,24,12,89.1,379,94,50,46,14,23,0,1,65
709,Felipe De La Cruz,NYM,4,5,4.66,27,12,75.1,337,75,42,39,10,34,0,4,70
710,Sean Sullivan,PIT,4,5,4.46,26,12,76.2,336,80,41,38,10,28,0,3,56
711,Connor Seabold,TOR,3,5,4.88,26,12,79.1,353,82,46,43,12,27,0,8,67
712,Jackson Rutledge,PHI,4,5,4.88,41,12,90.1,401,92,53,49,13,37,0,8,75
713,Zach Thompson,,4,4,4.82,20,12,65.1,290,71,38,35,9,25,0,3,45
714,Alex Cornwell,STL,4,5,4.74,28,12,87.1,387,95,50,46,11,31,0,3,56
715,Trevor Martin,TBR,4,5,4.93,29,12,76.2,336,80,45,42,13,26,0,4,63
716,Dallas Keuchel,,3,3,5.07,12,12,55,254,65,34,31,7,23,0,1,34
717,Bryse Wilson,PHI,4,5,4.91,35,12,95.1,412,100,56,52,15,30,0,4,67
718,Blane Abeyta,ATL,4,5,4.69,30,12,78.2,348,80,44,41,11,29,0,7,65
719,Randy Wynne,,2,5,5.57,18,12,66.1,292,79,44,41,12,16,0,3,34
720,Bailey Dees,,5,6,4.95,30,12,83.2,369,81,50,46,13,36,0,6,72
721,Troy Watson,DET,4,6,4.97,32,12,79.2,356,84,48,44,11,34,0,2,58
722,Joan Adon,,3,6,5.16,28,12,75,342,78,46,43,9,36,1,7,59
723,Luis Moreno,MIA,5,7,4.8,31,12,84.1,384,88,49,45,10,41,0,6,63
724,Elieser Hernández,ATL,4,5,4.9,18,12,64.1,277,67,38,35,12,21,0,2,54
725,Matt Manning,,3,3,5.22,25,12,70.2,313,71,44,41,11,35,0,2,58
726,Zach Messinger,NYY,4,5,5.36,27,12,85.2,380,87,55,51,14,37,1,5,67
727,Dustin Saenz,TEX,4,7,5.19,30,12,78,350,92,49,45,11,24,0,4,39
728,Aaron Brooks,TBR,4,5,5.31,19,12,78,351,92,50,46,13,27,0,3,45
729,Ryan Murphy,STL,2,3,5.09,15,12,51.1,231,54,31,29,7,22,0,4,34
730,Michael Cuevas,HOU,4,6,5.38,28,12,72,334,80,46,43,9,35,0,7,44
731,Joey Mancini,HOU,4,5,5.17,24,12,102.2,462,112,64,59,16,39,0,9,62
732,Erik Tolman,WSN,2,3,5.62,29,12,75.1,346,78,51,47,11,42,0,6,59
733,Baron Stuart,WSN,3,5,5.5,25,12,70.1,322,74,46,43,11,37,0,5,46
734,Jacob Meador,,3,4,5.95,24,12,59,277,63,42,39,10,32,0,7,42
735,Pierson Ohl,COL,5,6,4.33,30,11,95.2,407,106,50,46,14,17,0,2,74
736,Mason Montgomery,PIT,4,3,3.83,45,11,82.1,353,74,38,35,9,33,0,4,89
737,Brandon Walter,HOU,3,3,3.93,16,11,71,299,70,34,31,9,16,0,5,56
738,Connor Thomas,ATL,5,5,4.46,31,11,86.2,379,94,46,43,10,25,0,4,59
739,Jordan Hicks,CHW,4,5,4.62,34,11,74,330,71,41,38,7,34,1,6,69
740,Kolby Allard,CLE,3,3,4.1,31,11,85.2,369,88,42,39,12,27,2,2,67
741,Keaton Winn,SFG,4,3,4.14,22,11,63,271,62,31,29,7,20,0,4,55
742,Dylan Dodd,ATL,5,4,4.11,34,11,85.1,361,87,42,39,12,22,0,2,72
743,Jhony Brito,SDP,5,5,4.31,22,11,71,306,71,37,34,9,24,0,2,55
744,Andrew Hoffmann,ARI,6,5,4.04,34,11,78,340,76,38,35,9,30,0,3,70
745,Domingo Robles,ATH,4,5,4.72,20,11,74.1,324,78,42,39,10,25,0,4,52
746,Brandon Leibrandt,CIN,2,2,4.96,14,11,56.1,245,61,34,31,9,17,0,2,42
747,Freddy Tarnok,,3,3,4.41,29,11,67.1,294,63,36,33,9,32,0,3,63
748,Connor Phillips,CIN,4,6,4.96,37,11,78,346,70,46,43,11,42,0,6,83
749,José De León,,4,4,4.85,20,11,68.2,308,69,40,37,10,30,0,7,62
750,Anders Tolhurst,,3,5,4.85,20,11,65,285,66,38,35,10,23,0,3,51
751,Walker Powell,,3,4,4.57,15,11,61,260,65,34,31,9,15,0,2,37
752,Aaron Rozek,MIN,3,4,4.99,26,11,93.2,411,101,56,52,14,30,0,5,66
753,Peter Solomon,,4,4,4.84,18,11,67,298,67,39,36,9,31,0,2,55
754,Nick Frasso,LAD,3,4,5.01,34,11,73.2,327,75,44,41,11,30,0,5,60
755,Anthony Veneziano,,3,4,4.81,37,11,82.1,365,82,48,44,11,36,0,4,66
756,Jonathan Heasley,TBR,3,4,5.05,23,11,73,320,77,44,41,11,26,0,3,51
757,José Ureña,,2,4,5.22,23,11,70.2,319,78,44,41,11,32,1,3,48
758,Mason Green,COL,4,6,5.4,30,11,75,348,83,49,45,11,40,0,4,55
759,Luis Vargas,ATL,3,4,5.06,20,11,69.1,311,72,42,39,11,32,0,4,57
760,Chad Kuhl,,3,3,5.03,22,11,68,310,71,41,38,10,34,1,5,57
761,Alec Baker,ARI,3,3,4.74,26,11,76,339,84,43,40,11,26,0,4,47
762,Levi Stoudt,PHI,4,6,5.51,25,11,65.1,295,72,43,40,11,28,0,3,45
763,Nick Fraze,,2,3,4.98,21,11,56,251,57,34,31,8,22,0,8,41
764,Danny Wirchansky,,3,3,5.16,22,11,68,305,74,42,39,10,29,0,2,41
765,Justin Dunn,LAA,3,7,5.37,15,11,50.1,231,51,32,30,8,27,0,7,39
766,Ike Buxton,,3,5,5.4,17,11,56.2,263,61,37,34,8,30,0,6,36
767,Logan Clayton,,3,5,5.37,17,11,58.2,271,67,38,35,9,27,0,4,32
768,James Hicks,HOU,3,4,4.36,15,10,66,287,67,35,32,9,20,0,4,50
769,Alex Faedo,LAA,3,4,4.52,23,10,59.2,255,56,32,30,8,24,0,2,53
770,Jared Shuster,STL,4,5,4.56,32,10,81,352,84,44,41,9,29,1,1,56
771,Cody Poteet,,2,2,4.31,14,10,48,205,47,25,23,6,17,0,2,40
772,Emiliano Teodo,TEX,3,5,4.67,24,10,59.2,266,54,34,31,7,32,0,4,58
773,Nick Dombkowski,PIT,4,5,4.54,30,10,77.1,338,81,42,39,10,28,0,2,56
774,Nico Tellache,SEA,4,6,4.66,20,10,75.1,336,81,42,39,10,24,0,4,52
775,Luke Russo,PHI,3,4,5.19,14,10,59,265,61,37,34,9,25,0,4,49
776,Jake Palisch,CHW,3,6,5,29,10,81,355,92,49,45,12,23,0,2,46
777,Anthony DeSclafani,,3,3,4.37,15,10,57.2,253,62,30,28,9,19,1,3,46
778,Raúl Alcantara,,5,6,4.59,31,10,86.1,382,86,48,44,12,36,1,6,68
779,Alex Williams,MIA,4,5,4.94,24,10,78.1,349,85,46,43,11,28,0,5,53
780,Roddery Muñoz,HOU,4,6,4.52,35,10,85.2,372,77,46,43,15,40,0,4,92
781,Gabriel Barbosa,PHI,3,5,5.47,26,10,82.1,368,94,54,50,13,25,0,5,51
782,Connor Schultz,CHC,3,3,4.96,21,10,70.2,310,75,42,39,12,21,0,3,51
783,Nick Sinacola,,3,5,4.84,21,10,70.2,313,77,41,38,10,25,0,3,47
784,Sam Benschoter,CIN,4,7,5.58,31,10,80.2,358,85,54,50,14,31,0,6,62
785,Seth Johnson,PHI,5,6,4.99,39,10,70.1,314,71,42,39,11,35,1,1,63
786,Jacob Watters,TBR,3,5,5.59,13,10,48.1,223,50,32,30,7,26,0,4,36
787,Miguel Cienfuegos,SDP,4,5,4.91,26,10,77,345,83,45,42,11,30,0,5,50
788,Luke Albright,,3,4,4.78,20,10,64,293,64,37,34,8,37,0,4,53
789,Garrett Hill,,3,3,4.74,24,10,60.2,272,58,35,32,8,31,0,6,52
790,Nick Krauth,TEX,3,6,5.71,19,10,69.1,314,75,48,44,10,27,0,8,39
791,Konnor Pilkington,DET,3,5,4.82,47,10,71,318,68,41,38,11,39,0,4,67
792,Ryan Cusick,PHI,2,4,5.56,29,10,55,252,56,37,34,9,31,0,4,46
793,Tommy Romero,,3,4,5.29,19,10,66.1,296,67,42,39,11,33,0,2,48
794,Jerming Rosario,LAD,3,6,5.8,34,10,76,351,76,53,49,12,45,0,6,65
795,Sam Whiting,SEA,2,3,5.89,19,10,55,256,59,39,36,9,31,0,4,35
796,Josh Winckowski,TOR,5,4,4.08,32,9,81.2,352,82,40,37,10,25,1,3,67
797,Aaron Ashby,MIL,5,5,3.94,40,9,82.1,367,73,39,36,7,43,0,6,85
798,Clayton Beeter,WSN,3,4,4.04,36,9,69,297,57,34,31,8,36,0,3,82
799,Michael Grove,TBR,3,2,4.68,24,9,57.2,250,57,32,30,8,19,0,3,55
800,Forrest Whitley,,4,5,4.42,26,9,57,249,52,30,28,7,25,0,4,57
801,Hogan Harris,ATH,4,4,4.11,42,9,92,400,82,45,42,11,45,1,4,91
802,Chris Clarke,,3,4,4.5,17,9,60,259,60,32,30,7,17,0,4,43
803,Chris Murphy,CHW,3,4,4.58,32,9,76.2,338,73,42,39,9,37,0,5,67
804,Grant Holmes,ATL,4,3,4.04,26,9,71.1,307,66,35,32,9,28,1,4,69
805,Ben Casparius,LAD,6,6,4.78,37,9,81,353,77,46,43,12,34,0,4,78
806,Will Johnston,ATH,4,4,4.52,36,9,71.2,313,68,39,36,10,33,0,1,69
807,Jeff Criswell,COL,3,4,4.66,29,9,77.1,344,80,43,40,12,34,1,2,71
808,Jack Cushing,,5,7,4.55,31,9,87,370,89,48,44,14,25,1,3,67
809,Jordan Balazovic,,3,5,4.62,34,9,66.1,293,67,37,34,8,29,0,1,53
810,Eiberson Castellano,COL,3,5,5.06,21,9,58.2,270,62,36,33,8,26,0,8,49
811,Roque Gutierrez,LAD,3,5,5.38,23,9,83.2,373,88,54,50,14,34,0,2,67
812,Blake Townsend,TEX,4,6,5,32,9,72,314,70,43,40,10,25,0,10,54
813,Ben Peoples,CHW,3,4,4.92,32,9,56.2,257,58,34,31,8,29,0,3,48
814,Jimmy Endersby,,3,5,4.7,17,9,59.1,261,62,34,31,9,24,0,2,42
815,Noah Davis,PIT,3,4,4.79,31,9,73.1,328,74,42,39,10,28,0,10,63
816,Shinnosuke Ogasawara,WSN,2,2,5.01,27,9,64.2,281,66,39,36,10,23,0,4,51
817,John Means,KCR,2,2,4.89,9,9,35,146,36,21,19,6,10,0,2,22
818,JJ Goss,ATH,3,5,5.07,27,9,55,244,58,34,31,8,22,0,3,37
819,Jonatan Bernal,ARI,4,4,4.66,19,9,65.2,294,75,37,34,9,20,0,3,36
820,Morgan McSweeney,,2,3,4.93,17,9,49.1,219,53,29,27,7,22,1,1,32
821,Luis Patiño,,1,2,5.06,11,9,32,142,32,19,18,5,15,0,1,25
822,Alex Santos II,HOU,3,3,4.94,14,9,43.2,196,44,26,24,7,22,0,1,35
823,Connor Van Scoyoc,WSN,5,8,5.02,31,9,89.2,402,102,54,50,12,31,0,6,49
824,Gerson Garabito,MIL,3,3,5.09,17,9,47.2,212,48,29,27,8,18,0,6,40
825,Nate Peterson,CIN,4,7,5.88,26,9,67.1,307,75,48,44,12,31,0,1,48
826,Nick Garcia,SEA,3,4,5.14,25,9,61.1,275,62,38,35,9,30,1,4,47
827,Juan Nuñez,BAL,1,2,5.71,16,9,47.1,218,48,32,30,8,27,0,5,39
828,Hunter Parks,CIN,2,4,6.32,23,9,52.2,251,54,40,37,9,35,0,7,42
829,Grant Taylor,CHW,3,3,3.55,46,8,55.2,237,50,24,22,5,19,1,0,59
830,Paxton Schultz,WSN,4,6,4.42,33,8,77.1,339,78,41,38,10,31,0,2,70
831,Jonathan Bowlan,PHI,4,5,4.46,42,8,80.2,348,79,43,40,12,28,1,3,78
832,Garrett McMillan,PIT,3,3,4.1,19,8,52.2,228,56,26,24,7,14,0,1,38
833,Bryan Hoeing,SDP,4,3,4.3,31,8,69,294,68,36,33,8,22,1,2,51
834,Brad Keller,PHI,5,5,4.44,46,8,81,349,77,43,40,11,33,0,3,73
835,Ryan Yarbrough,NYY,3,4,4.58,23,8,70.2,299,68,39,36,11,21,1,6,57
836,Dylan Smith,SFG,3,4,4.48,30,8,56.1,247,56,30,28,7,22,0,2,48
837,Lyon Richardson,CIN,3,4,4.99,42,8,74,329,72,44,41,9,36,2,4,65
838,Zach Penrod,WSN,2,3,4.3,26,8,44,197,42,23,21,4,22,0,4,39
839,Joey Lucchesi,LAA,4,3,4.26,35,8,76,331,79,39,36,9,28,1,2,54
840,Joey Gerber,NYM,1,1,4.32,33,8,43.2,186,42,23,21,6,14,0,2,40
841,Beau Brieske,DET,3,4,4.81,37,8,58,251,56,34,31,8,26,1,1,48
842,Kyle Funkhouser,TEX,2,3,5.07,13,8,49.2,224,47,30,28,7,26,0,4,48
843,Alex Amalfi,TOR,5,6,4.63,31,8,70,314,68,39,36,10,34,0,3,63
844,Brandon Komar,,3,5,5.46,25,8,84,371,94,55,51,13,29,0,3,52
845,Zane Mills,CHC,5,5,4.7,27,8,72.2,318,74,41,38,10,25,0,4,52
846,Tommy Vail,CHW,3,5,5.08,28,8,72.2,328,72,44,41,10,41,0,2,62
847,Logan Gillaspie,SDP,2,3,4.74,28,8,57,251,60,32,30,8,20,0,2,42
848,Dane Acker,TEX,2,4,5.04,26,8,60.2,269,60,37,34,9,28,0,3,51
849,Jordan Geber,NYM,3,3,4.97,20,8,54.1,241,59,32,30,8,19,0,2,36
850,Roel Garcia III,TBR,3,4,5.09,19,8,58.1,255,63,36,33,10,18,0,3,40
851,Brandyn Garcia,ARI,5,5,4.59,39,8,68.2,312,66,38,35,7,32,0,11,58
852,Elvin Rodríguez,,3,3,4.88,26,8,62.2,277,69,37,34,11,20,0,2,45
853,Caleb Bolden,BOS,3,4,5.12,21,8,56.1,257,59,35,32,8,27,0,6,42
854,Omar Cruz,SDP,4,4,4.77,30,8,77.1,348,73,44,41,11,41,0,7,73
855,Rhett Kouba,,3,5,4.94,29,8,74.2,339,79,44,41,10,35,0,5,49
856,Carlos Tavera,BAL,2,4,5.33,19,8,54,246,57,35,32,9,29,0,2,43
857,Jaylen Nowlin,MIN,3,5,5.27,30,8,68.1,313,68,43,40,10,38,0,7,59
858,Zach Willeman,,2,5,5.59,15,8,46.2,214,53,31,29,7,23,0,2,24
859,Jarod Bayless,PIT,3,4,5.25,30,8,58.1,259,58,37,34,9,18,0,14,46
860,Steven Matz,TBR,3,3,3.82,35,7,66,280,65,30,28,8,18,0,2,61
861,Brent Headrick,NYY,3,3,4.08,31,7,64,267,57,31,29,9,18,0,3,68
862,Hunter Gaddis,CLE,4,4,3.65,56,7,81.1,338,71,36,33,10,26,1,5,80
863,Tyler Alexander,TEX,7,8,4.82,37,7,95.1,404,96,55,51,15,25,2,3,79
864,Jacob Latz,TEX,2,2,4.52,39,7,79.2,345,71,43,40,10,39,2,2,77
865,Jacob Waguespack,MIL,3,3,4.17,22,7,54,232,51,27,25,7,20,0,3,51
866,Carl Edwards Jr.,DET,2,3,4.42,26,7,55,239,53,29,27,7,24,0,1,49
867,Yariel Rodríguez,TOR,3,3,4.32,51,7,73,313,63,38,35,10,35,1,4,73
868,TJ Shook,COL,4,6,5.02,28,7,66.1,298,71,40,37,9,26,0,6,51
869,Prelander Berroa,CHW,2,4,4.5,34,7,54,243,50,29,27,7,32,0,2,57
870,Scott Blewett,STL,3,4,4.32,32,7,66.2,289,68,35,32,8,24,1,2,48
871,Wil Jensen,,4,3,4.43,26,7,69,300,66,37,34,10,28,0,3,60
872,Kyle Virbitsky,,3,5,4.85,23,7,65,285,70,38,35,10,21,0,3,46
873,Victor Juarez,COL,4,6,5.06,31,7,80,354,90,49,45,13,25,0,5,53
874,Wil Crowe,,3,5,5.15,17,7,43.2,197,47,27,25,6,21,0,1,31
875,Houston Harding,LAA,2,3,5.22,17,7,50,227,54,31,29,7,24,0,1,35
876,Christian Roa,CHC,5,6,4.37,36,7,68,302,61,36,33,9,36,0,6,68
877,Andrew Bash,MIN,3,4,4.95,33,7,72.2,328,76,43,40,9,32,0,7,52
878,Cesar Gomez,,3,4,4.7,27,7,59.1,262,64,34,31,9,22,0,2,40
879,Austin Cox,ATL,3,3,4.82,36,7,71,311,73,41,38,10,28,0,3,56
880,Sean Hunley,DET,3,5,5.05,26,7,66,289,71,40,37,10,20,0,6,38
881,Carlos Duran,LAD,2,2,5.63,30,7,56,262,55,38,35,9,35,0,6,52
882,Jordany Ventura,,3,4,5.33,27,7,54,250,52,35,32,8,33,0,7,46
883,Luis Angel Rodriguez,,2,4,5.4,16,7,50,230,52,32,30,8,28,0,3,35
884,Tyler Holton,DET,5,4,3.59,64,6,77.2,306,66,34,31,9,19,1,2,64
885,Zak Kent,WSN,2,3,4.44,34,6,54.2,241,52,29,27,6,25,0,3,52
886,Ryan Lobus,TEX,5,5,4.59,37,6,66.2,287,60,37,34,9,24,0,6,64
887,Josh Maciejewski,,4,4,4.5,30,6,62,271,61,34,31,8,24,0,2,52
888,Cameron Foster,BAL,4,3,4.36,28,6,55.2,243,57,29,27,8,21,0,1,49
889,Carson Fulmer,PIT,2,3,4.45,30,6,68.2,300,69,37,34,9,29,2,3,54
890,Austin Love,STL,4,5,4.52,33,6,63.2,283,62,35,32,7,28,0,4,53
891,Peyton Pallette,CLE,3,3,4.24,41,6,63.2,278,57,32,30,9,28,0,5,67
892,Cole Winn,TEX,4,4,4.7,37,6,74.2,327,68,42,39,8,38,1,4,62
893,Pat Gallagher,TOR,4,4,4.76,29,6,68,300,70,39,36,10,25,0,3,53
894,Ricky Vanasco,DET,3,3,4.53,25,6,43.2,193,40,24,22,6,23,1,2,44
895,Reiss Knehr,MIL,2,3,4.76,24,6,51,224,48,29,27,7,24,1,3,47
896,Abdiel Mendoza,SEA,4,5,4.64,29,6,71.2,316,72,40,37,9,28,0,5,56
897,Cade Gibson,MIA,5,5,4.42,38,6,73.1,324,73,39,36,9,29,1,7,58
898,Garrett Davila,,4,6,4.84,41,6,67,297,68,39,36,9,28,1,5,54
899,Peter Van Loon,,4,5,4.81,25,6,54.1,241,55,31,29,8,22,0,5,46
900,Daniel Missaki,TEX,2,2,5.25,25,6,60,270,59,38,35,9,26,0,7,54
901,Touki Toussaint,,2,4,5.14,23,6,68.1,310,66,42,39,9,38,0,6,63
902,Michael Arias,NYY,2,4,5.2,28,6,45,209,42,28,26,6,28,1,4,44
903,Cole Percival,MIN,3,4,5.17,27,6,54,247,55,34,31,7,27,0,4,40
904,Mason Erla,LAA,2,4,5.17,18,6,45.1,203,51,28,26,7,17,0,2,28
905,Douglas Orellana,NYM,2,3,4.85,31,6,52,233,50,30,28,8,27,0,2,50
906,Edgar Sanchez,ATH,2,2,5.09,23,6,46,209,46,28,26,6,24,1,5,36
907,Chris Rodriguez,CHW,1,3,5.5,21,6,39.1,184,42,26,24,5,21,0,4,28
908,Junior Santos,,4,7,5.18,39,6,66,301,72,41,38,8,32,1,2,42
909,Reggie Crawford,SFG,0,1,5.21,15,6,19,87,18,12,11,3,10,0,4,19
910,Misael Tamarez,SDP,3,4,5.04,37,6,75,334,75,45,42,11,36,0,4,60
911,Michael Mercado,PHI,3,4,5.31,38,6,61,274,61,39,36,10,30,1,4,54
912,Ross Carver,,2,4,5.02,29,6,61,276,61,37,34,9,29,0,7,49
913,Tyler Cleveland,SEA,3,4,5.06,33,6,62.1,273,63,38,35,10,22,0,6,47
914,Andrew Dalquist,SDP,3,6,5.37,35,6,55.1,254,56,36,33,9,34,0,2,43
915,Luke Young,WSN,2,5,5.89,34,6,62.2,287,71,44,41,11,25,0,6,39
916,Garrett Whitlock,BOS,6,3,3.18,44,5,70.2,289,60,27,25,7,18,1,3,80
917,Mason Englert,TBR,3,2,3.82,38,5,70.2,296,66,32,30,8,19,0,3,65
918,Jared Koenig,MIL,5,3,3.63,54,5,72,305,65,31,29,7,24,2,3,71
919,Sammy Peralta,COL,4,4,4.05,31,5,73.1,310,69,36,33,9,21,2,4,64
920,Kyle Leahy,STL,4,4,4.05,49,5,86.2,368,81,42,39,9,30,0,3,77
921,Angel Zerpa,MIL,4,3,3.72,57,5,67.2,284,61,30,28,7,21,1,3,63
922,Luke Weaver,NYM,4,4,4.13,47,5,69.2,295,64,35,32,10,24,0,2,77
923,Sean Hjelle,,4,5,4.25,43,5,84.2,371,88,43,40,9,24,2,8,68
924,Jack Anderson,BOS,4,4,4.39,27,5,71.2,310,76,38,35,10,20,1,1,58
925,Easton McGee,MIL,3,3,3.92,32,5,62,259,57,29,27,7,17,0,4,52
926,Ryan Watson,BOS,4,3,4.18,36,5,60.1,261,61,30,28,7,20,1,3,49
927,Tristan Beck,SFG,3,3,4.16,39,5,80,340,78,40,37,10,25,1,4,65
928,Avery Weems,,2,3,4.56,27,5,49.1,215,48,27,25,6,18,0,3,43
929,Tyler Gilbert,CHW,2,4,4.89,39,5,57,249,57,34,31,8,22,1,2,51
930,Porter Hodge,CHC,4,4,4.23,42,5,61.2,272,50,31,29,7,36,1,4,72
931,Bryan Mata,,3,3,4.5,32,5,62,279,59,34,31,7,31,0,6,60
932,Kyle Nicolas,CIN,3,4,4.88,51,5,73.2,328,68,43,40,10,38,0,5,75
933,Keegan Thompson,COL,3,5,4.94,31,5,62,274,62,37,34,9,27,0,5,56
934,Sam Bachman,LAA,3,4,4.5,36,5,48,216,46,26,24,5,24,1,4,44
935,Jake Miller,DET,3,3,4.78,15,5,49,214,52,28,26,8,14,0,3,39
936,Joe Ross,TEX,2,2,4.18,32,5,56,248,58,28,26,6,22,1,3,42
937,David Leal,,3,3,4.79,34,5,65.2,287,69,38,35,9,21,0,5,46
938,Beau Burrows,PIT,3,4,4.53,31,5,53.2,240,54,29,27,6,25,1,3,43
939,Osvaldo Berrios,BOS,4,4,4.75,31,5,58.2,260,63,34,31,8,21,0,3,43
940,Jack Leftwich,CLE,3,4,4.53,30,5,49.2,217,50,27,25,7,20,0,1,40
941,Garrett McDaniels,LAD,3,2,4.7,36,5,51.2,235,51,29,27,6,26,0,4,44
942,Cory Wall,ATL,3,3,4.62,30,5,50.2,222,51,28,26,7,18,1,4,41
943,Brayan Castillo,COL,2,3,5.14,34,5,54.1,249,56,34,31,7,31,1,3,46
944,Justin Meis,PIT,3,5,4.55,35,5,65.1,289,67,36,33,9,28,2,2,52
945,Nick Davila,SEA,3,4,4.67,29,5,59.2,259,63,34,31,8,19,0,2,40
946,Luis F. Castillo,,1,1,5.19,15,5,24.1,112,27,15,14,3,11,0,1,17
947,Angel Macuare,,2,2,5.06,22,5,48,215,53,29,27,7,17,0,3,33
948,Antoine Kelly,LAD,3,3,4.95,33,5,52.2,237,48,31,29,7,29,0,6,51
949,Jackson Kowar,BAL,2,4,5.15,30,5,50.2,232,53,31,29,7,25,0,4,43
950,Garrett Schoenle,CHW,3,6,4.92,37,5,64,282,66,38,35,10,27,0,3,51
951,Alec Gamboa,BOS,3,5,4.99,20,5,52.1,240,57,31,29,6,28,0,2,33
952,Tanner Burns,CLE,3,3,4.77,29,5,54.2,245,55,31,29,7,28,0,2,41
953,Emmanuel Chapman,PIT,3,5,4.82,30,5,65.1,296,66,38,35,8,33,0,6,51
954,Colin Peluse,PHI,3,3,5.25,36,5,61.2,268,68,39,36,11,18,0,2,42
955,Antonio Jimenez,,3,3,4.63,30,5,58.1,261,59,32,30,8,28,0,3,49
956,Wyatt Mills,LAD,2,3,5.28,31,5,44.1,199,43,28,26,7,21,2,6,39
957,Nick Hull,SEA,2,3,4.99,29,5,61.1,275,62,37,34,9,28,0,4,47
958,Jake Walkinshaw,MIA,2,4,5.05,27,5,46.1,210,53,28,26,7,19,0,2,27
959,Bobby Milacki,,3,3,5.14,29,5,61.1,273,67,38,35,10,22,0,4,37
960,Samy Natera Jr.,LAA,2,4,5.33,39,5,55.2,254,52,36,33,9,35,0,5,58
961,Hayden Merda,NYY,2,4,5.53,34,5,55.1,251,55,37,34,9,28,0,5,45
962,Geison Urbaez,TOR,2,2,5.43,24,5,49.2,232,54,32,30,7,26,0,5,30
963,Wander Guante,,3,4,5.4,32,5,66.2,300,72,43,40,11,28,0,5,45
964,Stiven Cruz,MIL,2,4,5.31,28,5,62.2,282,65,40,37,11,28,0,4,48
965,Adonis Medina,,3,4,5.71,32,5,56.2,265,63,39,36,9,28,0,7,40
966,Alonzo Richardson,,2,2,5.42,23,5,69.2,323,79,45,42,10,35,0,2,36
967,Beck Way,KCR,3,7,5.53,37,5,66.2,311,68,44,41,8,38,1,10,45
968,Tyler Guilfoil,,3,5,5.33,35,5,74.1,340,73,48,44,12,41,0,9,63
969,Koyo Aoyagi,,1,2,7.91,19,5,27.1,143,29,26,24,4,30,0,6,18
970,Edwin Núñez,STL,3,5,5.71,32,5,52,245,52,36,33,8,32,1,10,39
971,Jakob Junis,TEX,3,3,4.06,41,4,71,295,66,35,32,8,18,1,4,61
972,Sean Newcomb,CHW,3,3,4.12,39,4,74.1,325,72,37,34,8,29,2,4,68
973,Jack Dreyer,LAD,3,2,4.18,59,4,66.2,275,57,34,31,9,25,3,1,69
974,Cole Sands,MIN,5,4,3.93,57,4,68.2,288,62,32,30,8,21,1,4,67
975,Brenan Hanifee,DET,3,3,3.93,50,4,68.2,295,71,32,30,7,18,1,3,50
976,Kevin Herget,NYM,2,2,4.28,35,4,54.2,233,56,28,26,7,15,0,2,44
977,James McArthur,KCR,3,3,4.3,30,4,46,203,45,24,22,5,17,1,3,42
978,Erik Miller,SFG,4,3,3.55,54,4,50.2,220,43,22,20,4,28,2,2,53
979,Garrett Hawkins,SDP,5,5,4.16,37,4,56.1,244,52,28,26,8,23,0,1,60
980,Drew Pomeranz,LAA,2,3,4.29,54,4,48.1,204,45,25,23,7,16,1,5,49
981,Shawn Dubin,,2,2,3.91,33,4,46,205,45,22,20,5,21,0,2,43
982,José Rodríguez,LAD,5,6,4.74,36,4,60.2,267,55,35,32,9,30,0,3,66
983,Max Kranick,WSN,1,2,4.69,26,4,40.1,172,41,23,21,6,12,0,1,31
984,Hayden Juenger,TOR,3,4,4.42,42,4,57,248,54,30,28,7,24,0,3,48
985,Edgardo Henriquez,LAD,2,3,4.73,40,4,45.2,203,41,26,24,6,23,0,4,49
986,Shintaro Fujinami,,4,3,4.32,29,4,50,222,43,26,24,5,28,0,4,52
987,Spencer Miles,TOR,1,2,4.36,17,4,22.2,99,21,12,11,4,9,0,0,24
988,Michael Darrell-Hicks,PIT,3,4,4.48,33,4,58.1,256,59,31,29,7,20,0,6,46
989,Josh Fleming,TOR,4,5,4.6,38,4,74.1,329,85,41,38,9,22,2,3,36
990,Stephen Nogosek,,2,3,4.76,34,4,47.1,211,46,27,25,6,23,0,3,40
991,Julian Garcia,CIN,1,2,5.47,7,4,24.2,112,25,16,15,5,12,0,2,25
992,Corbin Martin,CHC,3,4,4.69,36,4,55.2,247,52,31,29,7,29,0,2,52
993,Cruz Noriega,,2,4,5.07,24,4,49.2,221,53,30,28,7,20,0,2,35
994,Bailey Horn,DET,3,4,4.61,41,4,52.2,235,51,29,27,7,27,1,2,48
995,Matt Krook,ATH,3,4,4.92,35,4,56.2,257,53,34,31,7,34,0,4,55
996,Ryan Jensen,CHC,3,4,4.74,29,4,43.2,197,38,25,23,5,28,0,3,43
997,Jayden Murray,HOU,2,2,4.59,43,4,66.2,294,64,37,34,9,28,0,7,57
998,Oscar Rayo,KCR,2,4,4.91,29,4,73.1,326,80,43,40,10,25,0,5,46
999,Cody Bolton,HOU,2,2,4.57,29,4,43.1,194,42,24,22,6,21,0,3,37
1000,Noah Song,BOS,2,2,5.09,26,4,46,208,46,28,26,6,25,1,4,38
1001,Saul Garcia,NYM,3,5,5.15,31,4,50.2,231,47,31,29,7,29,0,5,51
1002,Carlos Guzman,NYM,3,5,5.07,34,4,55,246,55,34,31,8,26,0,4,46
1003,Sean Harney,ARI,1,1,4.77,23,4,37.2,170,40,22,20,5,17,0,3,26
1004,Valentin Linarez,WSN,3,5,5.14,35,4,56,255,57,35,32,8,28,0,5,46
1005,Daniel Lloyd,BAL,4,6,5.01,29,4,59.1,265,64,36,33,9,24,1,3,40
1006,Eduardo Salazar,MIN,2,4,5.03,48,4,68,316,74,41,38,8,34,1,6,50
1007,Thomas Schultz,WSN,1,2,5.5,40,4,54,239,57,36,33,9,24,1,1,41
1008,Will Bednar,SFG,2,3,4.71,34,4,49.2,226,45,28,26,7,28,0,7,51
1009,Gabriel Jackson,,3,4,5.18,22,4,57.1,262,64,36,33,8,26,0,4,32
1010,Parker Dunshee,,2,5,5.4,30,4,53.1,244,56,35,32,8,25,1,7,41
1011,Gunner Mayer,SEA,3,3,5.12,33,4,52.2,241,49,32,30,7,32,0,5,49